#ifdef MAKE_FS1

static unsigned const char launcher_ico_png[] = {
	0x89, 0x50, 0x4e, 0x47, 0x0d, 0x0a, 0x1a, 0x0a, 0x00, 0x00, 0x00, 0x0d,
	0x49, 0x48, 0x44, 0x52, 0x00, 0x00, 0x00, 0x40, 0x00, 0x00, 0x00, 0x40,
	0x08, 0x06, 0x00, 0x00, 0x00, 0xaa, 0x69, 0x71, 0xde, 0x00, 0x00, 0x00,
	0x09, 0x70, 0x48, 0x59, 0x73, 0x00, 0x00, 0x0e, 0xc4, 0x00, 0x00, 0x0e,
	0xc4, 0x01, 0x95, 0x2b, 0x0e, 0x1b, 0x00, 0x00, 0x19, 0xde, 0x49, 0x44,
	0x41, 0x54, 0x78, 0x9c, 0xed, 0x7a, 0x77, 0x78, 0x95, 0x55, 0xb6, 0xfe,
	0xfb, 0xf5, 0x7a, 0xfa, 0xc9, 0x39, 0x09, 0x09, 0x24, 0xb4, 0x40, 0x02,
	0x04, 0x30, 0x82, 0xd2, 0x41, 0x71, 0x14, 0x7f, 0x62, 0x01, 0x14, 0xf5,
	0x8a, 0xd7, 0x8a, 0x33, 0xea, 0xcc, 0x30, 0xd6, 0x51, 0xee, 0xe8, 0x38,
	0x38, 0xde, 0x91, 0x19, 0x45, 0xc4, 0x72, 0x2d, 0xcf, 0x58, 0x47, 0xbd,
	0x33, 0xb6, 0x51, 0x14, 0xb1, 0x21, 0x36, 0x34, 0x34, 0x69, 0x51, 0xa4,
	0x05, 0x42, 0x48, 0x39, 0xe7, 0xe4, 0xd4, 0xaf, 0xb7, 0xfb, 0x47, 0x02,
	0x13, 0x13, 0x8a, 0xa0, 0xc3, 0x3f, 0x3f, 0xdf, 0xe7, 0x39, 0xcf, 0xb3,
	0xcf, 0x2e, 0x6b, 0xed, 0xf5, 0x7e, 0x6b, 0xad, 0xbd, 0xbf, 0xfd, 0x6d,
	0xe0, 0x27, 0xfc, 0x84, 0xff, 0xaf, 0x41, 0x1c, 0x0f, 0x25, 0x83, 0xcf,
	0x7e, 0x80, 0xa6, 0x69, 0x72, 0x8d, 0x69, 0xd9, 0xab, 0x2c, 0xcb, 0xfe,
	0xc0, 0xb2, 0xec, 0x15, 0x7b, 0x3f, 0xb8, 0x3d, 0x75, 0x3c, 0x74, 0x1f,
	0x09, 0xc7, 0x85, 0x00, 0x00, 0x88, 0x8f, 0xbf, 0xa3, 0x84, 0xe7, 0xf9,
	0x67, 0xfd, 0x01, 0xdf, 0x94, 0xbc, 0xa2, 0xa6, 0x8a, 0xc2, 0xa1, 0xbd,
	0x04, 0x9c, 0x86, 0x50, 0xd0, 0xff, 0xec, 0x86, 0x2d, 0x3b, 0xde, 0x68,
	0x59, 0x79, 0x87, 0x77, 0xbc, 0xe6, 0xd2, 0x15, 0xc7, 0x8d, 0x00, 0x00,
	0x28, 0x9e, 0xbc, 0x80, 0x8c, 0x06, 0xa4, 0x3f, 0x16, 0x54, 0xe3, 0x8a,
	0x50, 0x24, 0x18, 0xcb, 0xe7, 0x14, 0xf4, 0x8a, 0x85, 0xcc, 0xf6, 0x64,
	0x6a, 0x53, 0x51, 0x71, 0xfc, 0x43, 0xbf, 0xcc, 0x2d, 0xfc, 0xe7, 0x03,
	0x17, 0x26, 0x8f, 0xe7, 0x9c, 0x8e, 0x2b, 0x01, 0xfb, 0x51, 0x75, 0xce,
	0x7d, 0xe7, 0x19, 0xba, 0xf9, 0x40, 0x20, 0x18, 0xe8, 0xe3, 0xb8, 0x80,
	0xc4, 0x51, 0x70, 0xe0, 0x82, 0x05, 0xb1, 0xb7, 0x24, 0x1e, 0xfe, 0x54,
	0xd1, 0x8c, 0xeb, 0xdf, 0x7e, 0x64, 0xce, 0x71, 0x09, 0x91, 0x83, 0x11,
	0x50, 0x7e, 0x14, 0xe3, 0x15, 0x00, 0xfb, 0x9f, 0x18, 0x09, 0xa0, 0xec,
	0x10, 0x32, 0x5b, 0x00, 0x18, 0x5d, 0x2b, 0x2a, 0x4e, 0xbf, 0xfb, 0x54,
	0x9a, 0x62, 0x9e, 0x10, 0x45, 0xb1, 0x2f, 0xc7, 0x72, 0x70, 0x5c, 0x07,
	0xa5, 0x45, 0x21, 0x38, 0x96, 0x89, 0x48, 0x24, 0xb8, 0xcd, 0xb2, 0xad,
	0x25, 0x59, 0xd5, 0x7b, 0x68, 0xd9, 0x92, 0x59, 0xff, 0xd6, 0xd0, 0xe8,
	0x31, 0x59, 0x96, 0x65, 0xdb, 0x47, 0x8f, 0x1e, 0xbd, 0xfd, 0x48, 0x03,
	0x33, 0x99, 0x0c, 0xb7, 0x79, 0xf3, 0xe6, 0x75, 0x00, 0xfe, 0x04, 0xe0,
	0xd6, 0x40, 0x20, 0x30, 0xb1, 0xba, 0xba, 0x3a, 0x4d, 0x51, 0x54, 0x8f,
	0x09, 0x6f, 0xdd, 0xba, 0x35, 0x94, 0x48, 0x24, 0x36, 0x03, 0x58, 0x04,
	0xe0, 0xe3, 0xfd, 0xf5, 0x7d, 0x4f, 0xbf, 0xe7, 0x44, 0xcf, 0x75, 0xfe,
	0xc6, 0xf0, 0x7c, 0x65, 0x9f, 0x92, 0x12, 0x34, 0xb7, 0xb5, 0x43, 0x16,
	0x59, 0x94, 0xf7, 0x2a, 0x82, 0xdf, 0x27, 0x9a, 0xa9, 0x74, 0xe6, 0x53,
	0xd2, 0xb2, 0x7f, 0xfe, 0xea, 0xc3, 0x73, 0xb6, 0xfd, 0x30, 0x33, 0x0f,
	0x8d, 0x1e, 0x04, 0xc4, 0xe3, 0xf1, 0x6f, 0x5b, 0x5a, 0x5a, 0x06, 0x1e,
	0x69, 0x60, 0x7d, 0x7d, 0xfd, 0x37, 0x43, 0x86, 0x0c, 0xf9, 0x02, 0x40,
	0xcb, 0x92, 0x25, 0x4b, 0xc6, 0x5e, 0x7b, 0xed, 0xb5, 0xe3, 0x49, 0x92,
	0x24, 0x0f, 0xd5, 0x7f, 0xf5, 0xea, 0xd5, 0x1b, 0x47, 0x8f, 0x1e, 0xdd,
	0x04, 0xe0, 0xcc, 0xae, 0xf5, 0xd5, 0xd3, 0xff, 0x3c, 0x36, 0x9b, 0xcd,
	0xff, 0x6f, 0x20, 0x1c, 0x29, 0x83, 0xeb, 0xc1, 0x76, 0x5d, 0xc8, 0x1c,
	0x83, 0x78, 0x71, 0x04, 0x15, 0xbd, 0x63, 0xd0, 0x54, 0x7d, 0xaf, 0x28,
	0x8b, 0x37, 0x3f, 0x72, 0xcb, 0x29, 0x2f, 0x1d, 0x8b, 0x81, 0x47, 0xc2,
	0x61, 0x09, 0xd8, 0xb0, 0x61, 0xc3, 0x16, 0x45, 0x51, 0xac, 0x83, 0x0d,
	0xdc, 0xb2, 0x65, 0x4b, 0x7e, 0xee, 0xdc, 0xb9, 0x3b, 0x00, 0xf4, 0xcf,
	0x64, 0x32, 0xd5, 0x82, 0x20, 0xc8, 0x6b, 0xd6, 0xac, 0xf9, 0xfa, 0x60,
	0x7d, 0x87, 0x0c, 0x19, 0xd2, 0x27, 0x10, 0x08, 0x84, 0x63, 0xb1, 0xd8,
	0xf6, 0x44, 0x22, 0x31, 0x04, 0x80, 0xd9, 0xb5, 0xbd, 0x7c, 0xf2, 0x5d,
	0x97, 0xc7, 0xe2, 0xd1, 0xfb, 0x83, 0xe1, 0x70, 0x90, 0x63, 0x19, 0x24,
	0x52, 0x79, 0xd0, 0x34, 0x01, 0x06, 0x0e, 0xfa, 0x55, 0x94, 0x20, 0x1c,
	0x92, 0x13, 0x20, 0xc8, 0xbb, 0xff, 0xf2, 0xab, 0xf1, 0x0f, 0xfe, 0x70,
	0x93, 0xbf, 0x0b, 0xfa, 0x70, 0x8d, 0x53, 0xa7, 0x4e, 0x15, 0x93, 0xc9,
	0xe4, 0x1b, 0x87, 0xe9, 0x52, 0x17, 0x0e, 0x87, 0xc7, 0x07, 0x02, 0x81,
	0xc8, 0xbe, 0x7d, 0xfb, 0x1a, 0xc7, 0x8d, 0x1b, 0xe7, 0x07, 0xf0, 0x66,
	0xb7, 0x3e, 0x63, 0x5f, 0x7b, 0xed, 0xb5, 0x6f, 0x8b, 0x8a, 0x8a, 0x38,
	0x8e, 0xe3, 0x7c, 0xe8, 0xc8, 0x31, 0x07, 0x5c, 0x5a, 0x3e, 0x75, 0x19,
	0x95, 0x63, 0xe8, 0xa7, 0xa9, 0xec, 0xea, 0x4a, 0x82, 0xc0, 0x0d, 0xed,
	0x59, 0x8d, 0x15, 0x45, 0x01, 0xb2, 0xec, 0x03, 0x2f, 0x89, 0x68, 0x4e,
	0xe4, 0x10, 0x8a, 0x84, 0x8a, 0x6c, 0xd3, 0xb8, 0xeb, 0xda, 0xff, 0x7e,
	0x2f, 0xf2, 0xc8, 0x6d, 0xa7, 0xdd, 0x79, 0xcc, 0xd6, 0x1e, 0x04, 0x87,
	0x25, 0x80, 0xa2, 0x28, 0x07, 0xc0, 0x6f, 0x0e, 0xd2, 0xe4, 0x75, 0xe9,
	0xf3, 0xfb, 0x2e, 0xf5, 0x04, 0x7a, 0x7a, 0xd5, 0xa8, 0xf3, 0xce, 0x3b,
	0xcf, 0x45, 0x47, 0xec, 0xdf, 0x05, 0x60, 0x77, 0xb7, 0x76, 0x37, 0x9d,
	0x48, 0x4d, 0x0a, 0xc5, 0x98, 0xdb, 0xf3, 0x05, 0x75, 0x64, 0x59, 0x69,
	0xec, 0x74, 0xcf, 0x23, 0xe0, 0x93, 0x45, 0x34, 0x35, 0xec, 0x43, 0x79,
	0xff, 0x3e, 0x68, 0xd8, 0x9b, 0x80, 0xcc, 0x51, 0x41, 0x81, 0xa5, 0x6e,
	0xba, 0xe3, 0xf1, 0xd5, 0x81, 0x3f, 0xcc, 0x1d, 0x35, 0xef, 0xfb, 0x1a,
	0x78, 0x24, 0x1c, 0x36, 0x04, 0x26, 0x4c, 0x98, 0xb0, 0xba, 0xa1, 0xa1,
	0x21, 0xb0, 0xbf, 0xad, 0xad, 0xad, 0xad, 0x97, 0x69, 0x9a, 0x83, 0x00,
	0xec, 0xdb, 0x5f, 0xc7, 0x71, 0xdc, 0xba, 0x4c, 0x26, 0x53, 0x49, 0x92,
	0x24, 0xbd, 0x76, 0xed, 0xda, 0x83, 0x86, 0xc0, 0xe6, 0xcd, 0x9b, 0xf3,
	0x4f, 0x3f, 0xfd, 0xb4, 0xf0, 0xf9, 0xe7, 0x9f, 0xef, 0x00, 0x70, 0x61,
	0xf7, 0xf6, 0x92, 0xb3, 0x3f, 0xbc, 0x2b, 0x9b, 0xd7, 0xff, 0x5c, 0x15,
	0xdf, 0x1d, 0x8e, 0x85, 0xfc, 0x1f, 0xa7, 0xb2, 0x85, 0xf2, 0x5e, 0xbd,
	0x4a, 0x60, 0xdb, 0x0e, 0x9a, 0x9b, 0xdb, 0xc0, 0x0b, 0x3c, 0x06, 0x56,
	0x94, 0x00, 0x70, 0xd0, 0xbf, 0x3c, 0x9e, 0xcf, 0x66, 0x73, 0x37, 0xfe,
	0x65, 0xde, 0xe4, 0x27, 0x7e, 0x04, 0xfb, 0x8f, 0x2e, 0x09, 0x9e, 0x7c,
	0xf2, 0xc9, 0x6b, 0xbf, 0xfc, 0xf2, 0xcb, 0xb3, 0xd1, 0x85, 0x00, 0x00,
	0x0f, 0xad, 0x5c, 0xb9, 0x72, 0xcc, 0xc4, 0x89, 0x13, 0x4f, 0x38, 0x92,
	0xb2, 0x48, 0x24, 0xb2, 0xa3, 0xbd, 0xbd, 0xbd, 0x12, 0x80, 0xdb, 0xb5,
	0xbe, 0x62, 0xd6, 0x47, 0x33, 0x75, 0xc3, 0x3d, 0xa1, 0xe5, 0xcd, 0x53,
	0xe6, 0x0f, 0x3b, 0x77, 0xf1, 0xed, 0xb2, 0xc0, 0xff, 0x41, 0x0e, 0x05,
	0xa8, 0xf6, 0x74, 0x1e, 0xd1, 0x50, 0x00, 0x2c, 0xcf, 0x82, 0xa1, 0x29,
	0x88, 0x3c, 0x0b, 0x91, 0x21, 0xd0, 0xaf, 0x3c, 0xde, 0xd8, 0xd2, 0x96,
	0x3a, 0xed, 0x81, 0x9b, 0x4e, 0xd9, 0x7a, 0x94, 0xf6, 0xf6, 0xc0, 0x61,
	0x09, 0x30, 0x0c, 0x43, 0xf5, 0x3c, 0xcf, 0x03, 0x00, 0xcf, 0xf3, 0x30,
	0x61, 0xc2, 0x84, 0xad, 0x6b, 0xd7, 0xae, 0x9d, 0x8e, 0xef, 0x12, 0x30,
	0x89, 0xe3, 0xb8, 0xc5, 0x35, 0x35, 0x35, 0xf6, 0xb4, 0x69, 0xd3, 0x0a,
	0x14, 0x45, 0xf5, 0x50, 0x32, 0x63, 0xc6, 0x8c, 0xd8, 0xd0, 0xa1, 0x43,
	0xab, 0xce, 0x38, 0xe3, 0x8c, 0x2f, 0x96, 0x2f, 0x5f, 0x7e, 0x0d, 0x80,
	0x8d, 0xdf, 0x21, 0xe6, 0xb4, 0x37, 0x02, 0xb1, 0x92, 0xe2, 0x46, 0x55,
	0x35, 0x47, 0x44, 0xe8, 0x2d, 0xbb, 0x64, 0x8e, 0x5e, 0xe9, 0x10, 0xc4,
	0x04, 0x45, 0x33, 0x11, 0x09, 0x05, 0x01, 0x97, 0x00, 0x28, 0x02, 0xf0,
	0x3c, 0xf4, 0x2e, 0x09, 0x81, 0x25, 0x5d, 0x04, 0x83, 0xe2, 0x5a, 0xcb,
	0xc1, 0xb8, 0x45, 0xf3, 0x26, 0x1a, 0x3d, 0x14, 0x1e, 0x05, 0x0e, 0x9b,
	0x03, 0xca, 0xca, 0xca, 0x12, 0xc9, 0x64, 0xb2, 0xa9, 0x5b, 0x75, 0xd7,
	0x55, 0xa1, 0x3f, 0x80, 0x73, 0x01, 0x38, 0x1b, 0x36, 0x6c, 0xe8, 0xbf,
	0x7a, 0xf5, 0xea, 0xa5, 0xe8, 0x99, 0x04, 0x4f, 0xf1, 0xfb, 0xfd, 0xc4,
	0xd0, 0xa1, 0x43, 0xab, 0x2a, 0x2b, 0x2b, 0x8d, 0xe5, 0xcb, 0x97, 0x97,
	0xa0, 0x1b, 0x01, 0xa9, 0xf7, 0xce, 0xce, 0x9a, 0xa7, 0x2e, 0x5d, 0x27,
	0x4b, 0xe2, 0x5f, 0xd6, 0xbd, 0x7c, 0xcd, 0x8c, 0x71, 0x97, 0xfe, 0x75,
	0x91, 0xc0, 0xb2, 0x27, 0xb2, 0x2c, 0x27, 0x18, 0xa6, 0x85, 0xd2, 0xe2,
	0x18, 0x18, 0x96, 0x05, 0xcb, 0xd2, 0xc8, 0x67, 0x73, 0x30, 0x29, 0x0f,
	0x2c, 0xa3, 0xd7, 0x02, 0xde, 0x33, 0x38, 0x48, 0x48, 0x1d, 0x0d, 0x0e,
	0xb9, 0x6e, 0x03, 0x00, 0x45, 0x51, 0x26, 0x80, 0x71, 0xdd, 0x7e, 0x89,
	0x2e, 0x5d, 0x46, 0x5d, 0x7c, 0xf1, 0xc5, 0xb5, 0xed, 0xed, 0xed, 0x95,
	0xf3, 0xe6, 0xcd, 0xdb, 0x00, 0xa0, 0x37, 0x80, 0xe9, 0xdd, 0x7e, 0xc3,
	0xf7, 0x77, 0xb6, 0x2c, 0x8b, 0x40, 0x37, 0xf7, 0xdf, 0x8f, 0x7c, 0x2e,
	0xbf, 0x8c, 0xa2, 0xa9, 0xf3, 0xfa, 0xcd, 0xfe, 0xe8, 0x34, 0xd9, 0xe7,
	0x7f, 0x5d, 0x94, 0xf8, 0xb5, 0x7e, 0x91, 0x87, 0xc0, 0x71, 0x68, 0x69,
	0x6b, 0x47, 0x2a, 0x9d, 0x85, 0x6d, 0x39, 0x08, 0x85, 0x82, 0x50, 0x34,
	0x0b, 0x9c, 0x20, 0xa2, 0xbc, 0x2c, 0x7e, 0xfa, 0xf5, 0x0b, 0x3f, 0xa8,
	0xfd, 0x01, 0xf6, 0x1f, 0xde, 0x03, 0xbe, 0x07, 0x36, 0x27, 0x93, 0x49,
	0x46, 0x14, 0x45, 0xf9, 0xd6, 0x5b, 0x6f, 0xad, 0xbe, 0xf2, 0xca, 0x2b,
	0xd3, 0x00, 0x4a, 0xba, 0x77, 0x8a, 0xc7, 0xe3, 0x51, 0x00, 0x58, 0xb5,
	0x6a, 0x55, 0x00, 0xc0, 0xa6, 0x83, 0x09, 0x2a, 0x8e, 0x07, 0xdf, 0xb6,
	0x74, 0xf3, 0x4f, 0xb1, 0x90, 0x7f, 0xf1, 0xaa, 0xed, 0xfe, 0x9a, 0xf1,
	0x03, 0xb3, 0x8f, 0x19, 0x86, 0x3e, 0xda, 0x17, 0xf0, 0xb3, 0x92, 0x07,
	0xd8, 0x2e, 0x60, 0xda, 0x16, 0x9a, 0x13, 0x29, 0x04, 0x7d, 0x12, 0x0c,
	0x9b, 0x40, 0x53, 0x5b, 0x26, 0xe8, 0x97, 0xb9, 0xff, 0x06, 0xf0, 0xb3,
	0x63, 0x35, 0xe0, 0x98, 0x08, 0x28, 0xaf, 0x9a, 0x45, 0x47, 0x22, 0x81,
	0x58, 0xba, 0x3d, 0xcb, 0xac, 0x5e, 0xb3, 0xb2, 0x4f, 0xa1, 0x50, 0xc8,
	0x87, 0xc3, 0xe1, 0xa2, 0x70, 0x38, 0x5c, 0x74, 0xa8, 0x31, 0xd9, 0x6c,
	0xb6, 0x7d, 0xfb, 0xf6, 0xed, 0x2c, 0x3a, 0xde, 0x0b, 0x7a, 0x80, 0xa0,
	0x84, 0xcd, 0xb6, 0xa3, 0x35, 0xa6, 0x73, 0x46, 0x55, 0x45, 0x5c, 0xf8,
	0x25, 0x28, 0xe5, 0x01, 0x96, 0x73, 0x7f, 0xa5, 0x29, 0xea, 0x28, 0x92,
	0x66, 0x01, 0x00, 0x0c, 0x4d, 0xc3, 0x75, 0x3d, 0x58, 0x96, 0x85, 0x54,
	0x7b, 0x1e, 0x32, 0x4f, 0x41, 0xe4, 0xa8, 0x93, 0x6e, 0x59, 0xbc, 0x72,
	0xcc, 0xc2, 0x5f, 0x4f, 0x5a, 0x75, 0x2c, 0xb6, 0xf4, 0x20, 0x20, 0x9d,
	0x4e, 0x87, 0x2e, 0xb8, 0xe0, 0x82, 0x4f, 0x3b, 0xcb, 0x83, 0x00, 0x60,
	0xf4, 0xe4, 0xb9, 0xbd, 0xfc, 0x3e, 0x79, 0x6a, 0x36, 0x97, 0x9f, 0xa4,
	0xa8, 0xc6, 0x58, 0xdb, 0xb6, 0x7d, 0xaa, 0xaa, 0xbd, 0x2b, 0x48, 0xe2,
	0x5b, 0x4d, 0xaa, 0xb9, 0x28, 0x1a, 0x8d, 0x5e, 0x5c, 0x5d, 0x5d, 0x4d,
	0x0c, 0x18, 0x30, 0xa0, 0x70, 0x30, 0x25, 0x5b, 0xb6, 0x6c, 0x09, 0xec,
	0xd8, 0xb1, 0x43, 0x33, 0x0c, 0xe3, 0x91, 0x43, 0x4d, 0xa4, 0xf9, 0x9f,
	0x93, 0xbd, 0xf8, 0xb4, 0xb7, 0xde, 0xdd, 0xb5, 0x27, 0x71, 0xe5, 0xb0,
	0xca, 0xe8, 0x9d, 0x2d, 0x6a, 0xef, 0xe7, 0x62, 0xdc, 0xce, 0x35, 0xbc,
	0xc0, 0x8c, 0x72, 0x3d, 0x0a, 0xba, 0xe5, 0x40, 0xd3, 0x4d, 0x08, 0x3c,
	0x07, 0xd9, 0xe7, 0x83, 0x65, 0xe8, 0x30, 0x6c, 0x17, 0x9c, 0x20, 0xfa,
	0xf5, 0x44, 0xeb, 0xd2, 0xf2, 0xaa, 0x59, 0xbb, 0x1d, 0xc7, 0xdd, 0x23,
	0xcb, 0x62, 0x83, 0x28, 0xf2, 0xdf, 0x0a, 0x3c, 0xf3, 0xf6, 0x67, 0xef,
	0x3f, 0xda, 0x70, 0x24, 0x02, 0x0e, 0xf6, 0xe6, 0x56, 0x0b, 0x80, 0xe0,
	0xa5, 0x52, 0x5f, 0x69, 0x79, 0xcd, 0x2c, 0x56, 0x88, 0x9e, 0x5a, 0x56,
	0x5a, 0x34, 0x88, 0xa1, 0x69, 0xd4, 0x7f, 0xb3, 0xeb, 0x7d, 0xc0, 0x5b,
	0x4c, 0x90, 0xd4, 0xdb, 0xbb, 0x36, 0xff, 0x6f, 0xf7, 0x58, 0x2e, 0x03,
	0x50, 0x7c, 0x08, 0x3d, 0x7b, 0x71, 0x88, 0x27, 0xdf, 0x15, 0xa1, 0xd3,
	0xde, 0x98, 0xa1, 0x1b, 0xf6, 0x2b, 0xfd, 0x2b, 0x4a, 0x50, 0x14, 0x91,
	0x1e, 0xf7, 0x79, 0x3b, 0x1e, 0x6a, 0x6d, 0x6b, 0xff, 0xbc, 0xa4, 0x2c,
	0x26, 0x07, 0x83, 0x01, 0xb4, 0xa7, 0x72, 0x08, 0x47, 0x02, 0x70, 0x6c,
	0x07, 0x0c, 0x43, 0x23, 0x93, 0xce, 0xa0, 0xa2, 0x57, 0x08, 0x3c, 0x8b,
	0xdc, 0xb7, 0xf5, 0xdf, 0xce, 0xfc, 0xf2, 0xfd, 0x37, 0x87, 0xba, 0x8e,
	0x73, 0x15, 0x41, 0x50, 0x43, 0x68, 0x9a, 0x44, 0x69, 0xaf, 0xd8, 0x26,
	0x59, 0xe2, 0xdf, 0xb1, 0x1d, 0xf7, 0xf5, 0x6f, 0xb7, 0x37, 0x7e, 0xd1,
	0xf8, 0xcd, 0x2b, 0x3d, 0xf2, 0x4f, 0x0f, 0x02, 0xca, 0xab, 0x66, 0xf5,
	0x2e, 0x2e, 0x8e, 0xdd, 0x98, 0x48, 0xa6, 0xae, 0x94, 0x44, 0x5e, 0xd6,
	0x0d, 0x13, 0x14, 0x41, 0xbd, 0x69, 0xda, 0xf6, 0xfc, 0x9d, 0x9b, 0x5e,
	0x3a, 0x68, 0xfc, 0xfe, 0x58, 0x60, 0xc6, 0xbc, 0xe4, 0x0b, 0x06, 0xe4,
	0xa4, 0x62, 0x91, 0x6c, 0xff, 0x52, 0xbf, 0x9b, 0x56, 0xbc, 0x11, 0x55,
	0xb1, 0xa6, 0x27, 0x28, 0x8a, 0x3e, 0x89, 0xa4, 0x19, 0x04, 0xfc, 0x32,
	0x4c, 0xcb, 0x81, 0xe7, 0x3a, 0x70, 0x3d, 0x17, 0x9a, 0xaa, 0xa3, 0xac,
	0x38, 0x88, 0x01, 0xbd, 0x43, 0x30, 0x74, 0xe3, 0x89, 0xdf, 0x5f, 0x33,
	0x66, 0x6e, 0xdf, 0xa1, 0xb3, 0x09, 0xdb, 0xb6, 0x4e, 0x66, 0x18, 0xe6,
	0x2a, 0xa5, 0xa0, 0x5c, 0x2c, 0x0a, 0x02, 0x3f, 0x7c, 0x78, 0x25, 0x3c,
	0xcf, 0xdd, 0xaa, 0xaa, 0xfa, 0x75, 0xef, 0xbd, 0xb1, 0xe8, 0x83, 0x83,
	0x12, 0x30, 0xa0, 0xe6, 0x22, 0xc2, 0x30, 0x8d, 0x9b, 0x82, 0x01, 0xff,
	0x3d, 0xb9, 0x6c, 0x9e, 0x36, 0x4c, 0x0b, 0xe1, 0x48, 0x10, 0xae, 0xe3,
	0x3d, 0x92, 0x4e, 0x67, 0x7e, 0xd9, 0xba, 0xeb, 0xcd, 0x83, 0x66, 0xef,
	0x83, 0x81, 0x1e, 0xfb, 0x7a, 0xb4, 0x5f, 0xbf, 0x5e, 0x51, 0x43, 0x37,
	0xb7, 0xee, 0x7e, 0x79, 0xfc, 0x51, 0xbd, 0xcf, 0x0b, 0xe3, 0xff, 0xbe,
	0xa2, 0x77, 0x9f, 0xb2, 0xc9, 0xd1, 0xb0, 0x8c, 0xaf, 0xb7, 0x35, 0xad,
	0x9c, 0x3a, 0xd2, 0xdd, 0xca, 0x70, 0xdc, 0x5c, 0x86, 0x66, 0xd0, 0x96,
	0x4c, 0x43, 0x92, 0x45, 0x44, 0x83, 0x7e, 0x38, 0xae, 0x0b, 0xd3, 0x30,
	0x21, 0x49, 0x1c, 0x64, 0xd6, 0x05, 0xe9, 0x59, 0xab, 0xfe, 0xf4, 0xab,
	0xc9, 0x63, 0xbb, 0xca, 0x2a, 0xaf, 0x9a, 0x31, 0xc2, 0xb6, 0xed, 0x57,
	0x59, 0x8e, 0xeb, 0x3b, 0x68, 0x40, 0x1f, 0x70, 0x1c, 0x03, 0x9f, 0x4f,
	0x7e, 0x79, 0x6f, 0x53, 0xeb, 0xdc, 0x8f, 0x96, 0x2d, 0x49, 0x03, 0xdf,
	0x59, 0x06, 0xbd, 0x85, 0x00, 0x16, 0x26, 0x53, 0x69, 0x1a, 0x04, 0x01,
	0x51, 0x12, 0x60, 0x19, 0xd6, 0x42, 0xc7, 0x75, 0xae, 0x3f, 0x1a, 0xe3,
	0x01, 0xc0, 0xfe, 0xfc, 0xdc, 0xa4, 0xa6, 0xaa, 0x3e, 0x8a, 0xc2, 0xf3,
	0xfc, 0xc4, 0x37, 0x9e, 0xed, 0x3d, 0xf3, 0x93, 0x39, 0xc5, 0xe7, 0x7c,
	0xd4, 0xeb, 0x70, 0x63, 0xfa, 0xce, 0x5f, 0xc7, 0x02, 0x80, 0x24, 0xf1,
	0xef, 0xb4, 0xa7, 0xb3, 0x58, 0xb3, 0x69, 0x0f, 0xfa, 0xf6, 0x89, 0x4d,
	0xda, 0x44, 0x04, 0x2d, 0xb8, 0x2e, 0x5c, 0xc7, 0x85, 0x24, 0x8b, 0x08,
	0x87, 0xfc, 0x68, 0x4e, 0xa4, 0x61, 0x9a, 0x16, 0x4c, 0xc7, 0x41, 0x4b,
	0x73, 0x12, 0x14, 0x45, 0x23, 0xe0, 0x97, 0xfb, 0x2f, 0x78, 0x7a, 0x5d,
	0xa8, 0xab, 0xcc, 0xdd, 0x5f, 0xbf, 0xfa, 0x95, 0x69, 0x59, 0x27, 0x52,
	0x04, 0xb9, 0x7a, 0x4b, 0xfd, 0x2e, 0x24, 0x92, 0x59, 0x58, 0x96, 0x3d,
	0x2b, 0x5e, 0x14, 0x7e, 0xad, 0xac, 0x72, 0x06, 0x79, 0x80, 0x80, 0xbe,
	0x43, 0x67, 0xd7, 0x38, 0xae, 0x7d, 0x93, 0xeb, 0xb8, 0x20, 0x09, 0x02,
	0x04, 0x41, 0x20, 0x1a, 0x09, 0xa0, 0xaa, 0xaa, 0x62, 0xfd, 0xb6, 0xaf,
	0x5e, 0x38, 0xa6, 0x13, 0x99, 0xc6, 0x57, 0x27, 0xaf, 0xce, 0x2b, 0xe6,
	0x25, 0xd1, 0xb0, 0xef, 0xe5, 0xc6, 0x3d, 0x2d, 0xf3, 0x79, 0x86, 0x6a,
	0xea, 0x3d, 0xf3, 0x93, 0xfa, 0xc8, 0x19, 0xef, 0x2e, 0x19, 0x71, 0xe5,
	0xda, 0x73, 0xca, 0x67, 0x7e, 0x18, 0xec, 0xda, 0xbf, 0xb9, 0x2d, 0x1d,
	0x0f, 0x5e, 0xf7, 0xe1, 0x59, 0x14, 0x45, 0xbf, 0xa5, 0xaa, 0x3a, 0x4a,
	0x8a, 0x02, 0xd8, 0xd3, 0x94, 0x82, 0xb2, 0x1b, 0xb3, 0x74, 0xd5, 0xcc,
	0x3a, 0x00, 0x28, 0x8a, 0x84, 0xa1, 0xea, 0xa0, 0x49, 0x12, 0x8e, 0xe7,
	0x41, 0xd3, 0x74, 0x88, 0x22, 0x8f, 0x64, 0x46, 0x81, 0x6e, 0xba, 0x31,
	0x5d, 0x53, 0xaf, 0xea, 0x3e, 0x8f, 0x44, 0xc3, 0xb2, 0x76, 0xdd, 0xd0,
	0xd7, 0x7b, 0x70, 0xd1, 0xb4, 0x2f, 0x81, 0xc6, 0xbd, 0x6d, 0x20, 0x08,
	0x4c, 0x1a, 0x51, 0x33, 0x60, 0xde, 0x01, 0x02, 0x5c, 0xc7, 0xaa, 0x25,
	0x40, 0x80, 0x61, 0x18, 0x48, 0xb2, 0x0c, 0xcf, 0xf3, 0xc0, 0x32, 0x34,
	0x64, 0x59, 0x58, 0x72, 0xce, 0x85, 0xb7, 0x8d, 0xed, 0x2e, 0xf4, 0xfb,
	0x22, 0xb1, 0xf4, 0x14, 0x6f, 0xef, 0xeb, 0x53, 0xde, 0x08, 0x45, 0x82,
	0x43, 0x33, 0xd9, 0xfc, 0x75, 0x4d, 0xfb, 0xda, 0xa2, 0xa9, 0x74, 0xee,
	0x7a, 0xc5, 0xb0, 0x5f, 0x4f, 0x67, 0x8d, 0x64, 0xed, 0xcf, 0xd7, 0x7f,
	0x51, 0x3b, 0x77, 0xfd, 0xdd, 0xfe, 0xa9, 0xcb, 0x26, 0xb1, 0x7b, 0x9c,
	0xd6, 0x4c, 0x5e, 0x13, 0x85, 0x9a, 0xc8, 0xd5, 0xba, 0x69, 0xef, 0x69,
	0x6a, 0x4e, 0x41, 0xf6, 0x49, 0x28, 0xb4, 0x2b, 0x71, 0x42, 0x94, 0xad,
	0x90, 0x5f, 0x02, 0x4b, 0xd1, 0x20, 0x08, 0x02, 0xa2, 0xc4, 0x81, 0x00,
	0x81, 0x58, 0x51, 0x04, 0x14, 0xcd, 0x80, 0xa0, 0x29, 0x58, 0xb6, 0x0d,
	0xcf, 0x75, 0x26, 0x76, 0x9f, 0x43, 0x45, 0xf5, 0xac, 0x0a, 0x96, 0xe5,
	0xcf, 0x02, 0x48, 0x38, 0x8e, 0x8b, 0x9d, 0xbb, 0xf6, 0xc2, 0xb4, 0x6c,
	0x48, 0xa2, 0x30, 0x09, 0xe8, 0x5c, 0x06, 0x5d, 0xcf, 0xed, 0xcf, 0x10,
	0x0c, 0x3c, 0x12, 0x30, 0x74, 0x1d, 0xb6, 0x6d, 0xa3, 0x61, 0x77, 0x0b,
	0x64, 0x49, 0x8c, 0x16, 0x15, 0x05, 0x3f, 0x3e, 0xff, 0xd2, 0x3b, 0xdf,
	0x53, 0x14, 0xfd, 0xb1, 0x6f, 0xb7, 0xed, 0x79, 0x73, 0xfb, 0xc6, 0x17,
	0x9d, 0xa3, 0x25, 0x22, 0xfd, 0xce, 0x69, 0x36, 0x80, 0x47, 0xca, 0x67,
	0xbc, 0xff, 0x37, 0x17, 0xd4, 0xad, 0xe9, 0x54, 0x66, 0x9e, 0x07, 0x4f,
	0x58, 0xbb, 0x7e, 0xe7, 0x49, 0xd1, 0xb0, 0xff, 0xa4, 0xd2, 0xd2, 0xe8,
	0xfc, 0xf6, 0xb4, 0xa2, 0xe6, 0xb6, 0xe6, 0x3f, 0x6e, 0xcb, 0xe5, 0x45,
	0xda, 0x1f, 0xf0, 0x95, 0x85, 0x7c, 0x68, 0x4b, 0x66, 0x11, 0x09, 0x4a,
	0xd8, 0x95, 0xca, 0x59, 0x2c, 0x61, 0x23, 0xe0, 0x93, 0xa1, 0xe9, 0x26,
	0x1c, 0xd7, 0x45, 0x2e, 0x5b, 0x80, 0xa6, 0xe9, 0x60, 0x59, 0x1a, 0xa9,
	0xc6, 0x76, 0xb8, 0x51, 0x09, 0xa5, 0x25, 0xe1, 0x03, 0x5e, 0x55, 0x5e,
	0x35, 0x8b, 0xe1, 0x78, 0x7e, 0xa6, 0x69, 0xe8, 0x77, 0x7b, 0x70, 0x7b,
	0x01, 0x00, 0xcb, 0xb1, 0x10, 0x44, 0x1e, 0x8a, 0xa2, 0x81, 0x17, 0xb8,
	0x7e, 0x07, 0x08, 0xa0, 0x69, 0x9a, 0xb5, 0x6d, 0x1b, 0x0c, 0xc7, 0x41,
	0xb7, 0x6d, 0x38, 0x8e, 0x0b, 0x59, 0x16, 0xd0, 0xb0, 0xa7, 0x15, 0xad,
	0x6d, 0x49, 0xaa, 0xa4, 0x38, 0x76, 0x06, 0x08, 0xf7, 0x8c, 0x9a, 0xa1,
	0xfd, 0x9a, 0xfb, 0xf7, 0xbd, 0xe1, 0x39, 0xd3, 0x72, 0x1e, 0x5b, 0xf1,
	0xf6, 0xe2, 0x9d, 0x47, 0x4b, 0xc4, 0xee, 0x57, 0xa7, 0x66, 0x01, 0xdc,
	0x5e, 0x72, 0xce, 0x87, 0x8f, 0x12, 0x04, 0xfe, 0x28, 0x16, 0xf9, 0x2e,
	0x61, 0x58, 0x86, 0xe0, 0x68, 0x0a, 0xa6, 0x65, 0x89, 0xf1, 0x78, 0xf8,
	0x0c, 0xc7, 0x76, 0x41, 0xf3, 0x2c, 0xda, 0x33, 0x79, 0xd0, 0x14, 0x81,
	0x54, 0x3a, 0x8f, 0x70, 0x1f, 0x89, 0xb6, 0x2c, 0x03, 0x04, 0x41, 0x22,
	0x18, 0x90, 0x91, 0xca, 0xe6, 0x10, 0x2b, 0x0a, 0x21, 0x97, 0x2b, 0x80,
	0x22, 0x49, 0x04, 0x43, 0x01, 0x14, 0x15, 0x05, 0x20, 0x8a, 0xac, 0x6f,
	0xf0, 0x09, 0x97, 0x94, 0xb8, 0x9e, 0xf3, 0x0b, 0x8a, 0xa4, 0xaf, 0x2e,
	0x28, 0x6a, 0x31, 0x4d, 0x93, 0xf0, 0xdc, 0x0e, 0xe3, 0x0d, 0x5d, 0x07,
	0x4d, 0xd3, 0x30, 0x2d, 0x07, 0x14, 0xed, 0xac, 0x07, 0x3a, 0x57, 0x81,
	0x8a, 0xea, 0x99, 0x23, 0x08, 0x60, 0x7d, 0x41, 0xd5, 0x20, 0x0a, 0x22,
	0x28, 0x9a, 0x86, 0xaa, 0xa8, 0x1d, 0xa1, 0xc0, 0xb1, 0xe0, 0x79, 0x0e,
	0x82, 0xc0, 0x22, 0xe8, 0x97, 0xe0, 0xf7, 0xf9, 0x40, 0x52, 0x84, 0x47,
	0x92, 0x44, 0x5d, 0x36, 0xab, 0x7c, 0xe9, 0x79, 0xa8, 0xb3, 0x6d, 0xeb,
	0xcb, 0x7d, 0x2d, 0xed, 0x3b, 0x76, 0x6e, 0x7a, 0xe9, 0xa8, 0xf2, 0x45,
	0x70, 0xea, 0xd2, 0x13, 0x24, 0x89, 0xff, 0xb3, 0xa2, 0x1a, 0xa7, 0x70,
	0x1c, 0x0b, 0x9a, 0x66, 0x00, 0x92, 0x40, 0x7b, 0x5a, 0x41, 0x30, 0x20,
	0xc1, 0xb6, 0x6d, 0x64, 0x73, 0x0a, 0xe2, 0x23, 0x7d, 0xe9, 0x53, 0xe2,
	0x54, 0x28, 0xd1, 0x96, 0xc1, 0xf0, 0xea, 0xfe, 0xd8, 0xd5, 0xd8, 0x02,
	0x92, 0x24, 0xa1, 0xe8, 0x3a, 0x28, 0x02, 0x28, 0x8d, 0x85, 0xe1, 0xda,
	0x1a, 0x02, 0x02, 0x0a, 0x6f, 0x3e, 0xf7, 0x14, 0x67, 0xd9, 0x0e, 0x93,
	0x4e, 0x67, 0xe1, 0x7a, 0x1e, 0x24, 0x51, 0x80, 0xae, 0x1b, 0xf0, 0x3c,
	0x0f, 0x91, 0x68, 0x18, 0xaa, 0xa2, 0xa0, 0xa2, 0xbc, 0x18, 0x1e, 0x88,
	0x19, 0x2b, 0x97, 0x2d, 0x79, 0xed, 0xc0, 0x32, 0x58, 0xd2, 0x6f, 0xfa,
	0x57, 0x82, 0x24, 0x0e, 0x77, 0x6c, 0x07, 0x8e, 0xe3, 0x42, 0x10, 0xf9,
	0x8e, 0x81, 0xae, 0x07, 0x86, 0x65, 0x00, 0x00, 0xa6, 0x61, 0x80, 0xa4,
	0x28, 0x84, 0x02, 0x32, 0x8a, 0x8a, 0x42, 0x20, 0x49, 0x12, 0x86, 0x61,
	0x80, 0x61, 0x18, 0x84, 0x42, 0x81, 0x8c, 0xaa, 0x2a, 0x9b, 0x2c, 0xcb,
	0x5d, 0xab, 0xaa, 0x7a, 0x1d, 0x4d, 0x93, 0x75, 0xfb, 0x5a, 0xda, 0x77,
	0x1e, 0x29, 0x89, 0x06, 0xcf, 0x78, 0x8f, 0x90, 0x39, 0x9c, 0x99, 0xc9,
	0x2a, 0x7f, 0x26, 0x69, 0xa6, 0xca, 0xe7, 0x97, 0x61, 0xdb, 0x1e, 0x34,
	0xc3, 0x04, 0xc7, 0xd2, 0xe0, 0x39, 0x06, 0x6a, 0xb1, 0xad, 0xcc, 0xec,
	0x23, 0x48, 0x7b, 0x1b, 0x5b, 0x10, 0x89, 0x87, 0x21, 0x70, 0x1c, 0x34,
	0x55, 0x03, 0x41, 0x12, 0x20, 0x29, 0x02, 0xe9, 0xf6, 0x2c, 0xfa, 0x14,
	0x07, 0x20, 0x92, 0x16, 0x5e, 0x79, 0xea, 0x49, 0xd8, 0x8e, 0x0d, 0x82,
	0x24, 0xc1, 0xb1, 0x2c, 0x0a, 0x05, 0x05, 0x00, 0x20, 0x4a, 0x22, 0x5c,
	0xc7, 0x41, 0x38, 0x1c, 0x00, 0xcf, 0x51, 0xcb, 0x77, 0xec, 0x6c, 0x9a,
	0xde, 0xb4, 0xed, 0x75, 0xeb, 0xc0, 0x56, 0x98, 0xa4, 0x88, 0x9b, 0x5d,
	0xdb, 0x7a, 0xcb, 0x71, 0x5c, 0x86, 0x61, 0x39, 0x38, 0x8e, 0x0b, 0xcb,
	0xb4, 0xc0, 0xf3, 0x1c, 0x2c, 0xd3, 0x82, 0xe7, 0xb9, 0x10, 0x25, 0x11,
	0x14, 0x49, 0x41, 0xd5, 0x4c, 0x34, 0x36, 0x25, 0x91, 0xcd, 0x64, 0x3b,
	0xbd, 0x83, 0x87, 0x61, 0x58, 0x41, 0x9e, 0x67, 0x27, 0x78, 0x9e, 0x37,
	0x81, 0xed, 0x24, 0xac, 0xb4, 0x24, 0x6c, 0x97, 0xf5, 0xfa, 0x75, 0xc6,
	0x75, 0x9d, 0x0c, 0xcf, 0x71, 0x19, 0xc7, 0x75, 0xd3, 0xb6, 0x6d, 0xa7,
	0x68, 0x9a, 0x4e, 0x5b, 0xb6, 0x9d, 0xb6, 0x29, 0x21, 0xdf, 0x26, 0x6d,
	0x8b, 0xb6, 0x1a, 0xdc, 0x20, 0xbe, 0x22, 0xca, 0x9b, 0x05, 0xc6, 0x6c,
	0x4f, 0x15, 0x58, 0x59, 0x16, 0x61, 0x99, 0x36, 0x44, 0x9e, 0x45, 0x73,
	0x4b, 0x3b, 0x78, 0x89, 0x15, 0x01, 0x01, 0xfe, 0x90, 0x1f, 0x14, 0x49,
	0x42, 0xd7, 0x74, 0x04, 0x83, 0x3e, 0x64, 0x32, 0x79, 0x14, 0x74, 0x03,
	0x92, 0x2c, 0xc1, 0x30, 0x75, 0xc4, 0xe2, 0x01, 0xb0, 0x82, 0x08, 0x47,
	0x2d, 0xc0, 0x32, 0xad, 0x7f, 0xcd, 0xdf, 0xb2, 0xa0, 0x14, 0x0a, 0x10,
	0x04, 0x1e, 0x3e, 0x59, 0xf8, 0xe0, 0xdb, 0xed, 0x7b, 0xce, 0x69, 0xda,
	0xf6, 0xba, 0x75, 0x20, 0x04, 0xf6, 0xa3, 0xb8, 0xdf, 0x59, 0x17, 0xd2,
	0x14, 0xf5, 0x02, 0x08, 0x82, 0x10, 0x44, 0x11, 0xb9, 0x6c, 0x1e, 0x81,
	0x60, 0x00, 0xa6, 0x61, 0xc0, 0xb2, 0x2c, 0x10, 0x04, 0x09, 0x59, 0x96,
	0xa0, 0xeb, 0x3a, 0x6c, 0xdb, 0x81, 0x28, 0x89, 0x07, 0x3c, 0x03, 0xe8,
	0x38, 0x34, 0x71, 0x1c, 0x17, 0x8e, 0xeb, 0x80, 0x63, 0x18, 0x44, 0x22,
	0x41, 0x98, 0xa6, 0x79, 0xc0, 0x83, 0xfc, 0x7e, 0x19, 0x9e, 0xe7, 0x82,
	0xa1, 0xe9, 0x0e, 0x43, 0x3a, 0xc7, 0x81, 0x60, 0xa1, 0xcb, 0x35, 0xd8,
	0x92, 0x08, 0x42, 0x31, 0x3d, 0xf8, 0x7c, 0x12, 0x62, 0x91, 0x00, 0x0a,
	0x8a, 0x06, 0x86, 0xa1, 0xa0, 0x85, 0x0d, 0x8c, 0xf3, 0x9b, 0x08, 0x06,
	0x64, 0x18, 0x8e, 0x03, 0x9f, 0x28, 0xa0, 0x50, 0x50, 0x01, 0x78, 0xa0,
	0x19, 0x0a, 0x7e, 0x49, 0x40, 0x3a, 0xd9, 0x86, 0x81, 0x65, 0x01, 0xfc,
	0xfd, 0x99, 0x67, 0x91, 0x6c, 0x6d, 0x81, 0xcf, 0x27, 0x83, 0x63, 0x59,
	0xe8, 0x86, 0x01, 0xcf, 0x75, 0xc1, 0x73, 0x1c, 0x08, 0x92, 0x5c, 0x51,
	0x50, 0x94, 0xff, 0xd7, 0xf8, 0xcd, 0x2b, 0xda, 0x7e, 0x9b, 0xbf, 0x73,
	0x7c, 0x53, 0x48, 0x7f, 0xbb, 0x39, 0x10, 0xab, 0x6a, 0xa3, 0x49, 0xea,
	0x4c, 0x92, 0x24, 0x09, 0x10, 0x00, 0x45, 0x92, 0xf0, 0x00, 0xd0, 0x0c,
	0x03, 0xc7, 0x71, 0xc0, 0x71, 0x1c, 0x74, 0xdd, 0x00, 0x4d, 0x53, 0x20,
	0x29, 0x12, 0x34, 0x45, 0x41, 0xd3, 0x34, 0x78, 0x1e, 0x40, 0x92, 0x04,
	0x18, 0x96, 0x01, 0xc7, 0xb2, 0xb0, 0x1c, 0x07, 0x9a, 0x66, 0x40, 0xd5,
	0x0c, 0x38, 0x8e, 0x87, 0x42, 0x41, 0x45, 0x2a, 0x95, 0x85, 0xa6, 0x99,
	0xc8, 0xe6, 0x15, 0x64, 0x72, 0x2a, 0x12, 0xc9, 0x34, 0xb2, 0x5e, 0x29,
	0x9a, 0xe8, 0x31, 0x68, 0xb7, 0x82, 0xb0, 0x9c, 0x8e, 0xf1, 0x02, 0xcf,
	0xc1, 0xb6, 0x6d, 0xf8, 0x7d, 0x02, 0x52, 0xe9, 0x3c, 0x2c, 0xd1, 0xc6,
	0x90, 0x22, 0x0e, 0xb6, 0xed, 0x42, 0x92, 0x78, 0x38, 0x96, 0x8d, 0x48,
	0xc8, 0x0f, 0x45, 0x37, 0x51, 0x50, 0x54, 0x68, 0x8a, 0x8a, 0x7e, 0xe5,
	0x71, 0x50, 0xb0, 0xb1, 0xa1, 0x6e, 0x15, 0x24, 0x51, 0x84, 0xed, 0x38,
	0xd0, 0x0d, 0x03, 0xb6, 0x65, 0x81, 0xa2, 0x28, 0xd8, 0x8e, 0xf3, 0x21,
	0x41, 0x12, 0xd3, 0x77, 0x6d, 0xfe, 0xbb, 0xd6, 0xd5, 0xe6, 0x1e, 0xe7,
	0x57, 0xb9, 0xe4, 0x37, 0x6b, 0x38, 0x5f, 0xdf, 0xf7, 0x69, 0x86, 0x1a,
	0x4b, 0x00, 0x51, 0x43, 0x37, 0x40, 0xd1, 0x34, 0x38, 0x96, 0x85, 0x61,
	0x18, 0x20, 0x49, 0x12, 0x8e, 0xeb, 0x82, 0xa2, 0x28, 0x38, 0xb6, 0x03,
	0xdb, 0xb6, 0x61, 0x59, 0x36, 0x64, 0x9f, 0x0c, 0x92, 0x20, 0x0e, 0xfc,
	0x27, 0x08, 0x02, 0xbc, 0x20, 0x80, 0xa2, 0x48, 0x10, 0x24, 0x01, 0xc7,
	0x71, 0x40, 0x33, 0x34, 0x5c, 0xc7, 0x01, 0x45, 0x51, 0x48, 0xab, 0x0c,
	0xe8, 0x8a, 0xe9, 0x28, 0xf0, 0x83, 0xa1, 0x5b, 0x40, 0xb4, 0x28, 0x04,
	0x96, 0xa5, 0xc1, 0xf3, 0x2c, 0x04, 0x81, 0x05, 0x41, 0x00, 0x2d, 0xad,
	0x19, 0xc4, 0xa3, 0x01, 0xd0, 0x21, 0x1b, 0xfe, 0x42, 0x16, 0x03, 0x07,
	0xf4, 0x81, 0x6b, 0xbb, 0x90, 0xfd, 0x22, 0x54, 0x45, 0x87, 0x24, 0x70,
	0xa0, 0x48, 0x02, 0x02, 0xcb, 0x40, 0x60, 0x09, 0x68, 0x4a, 0x0e, 0x1b,
	0xea, 0xea, 0x80, 0xce, 0xcd, 0x1c, 0x49, 0x92, 0x1d, 0x7a, 0x29, 0x6a,
	0x05, 0xc3, 0x32, 0xd3, 0xb7, 0x7d, 0xf5, 0x82, 0xda, 0xdd, 0xde, 0x9e,
	0x07, 0x78, 0x00, 0x94, 0xcc, 0xb6, 0xc6, 0x70, 0xbc, 0xe6, 0x49, 0xdb,
	0xb1, 0x5c, 0x86, 0x66, 0xc6, 0xda, 0x8e, 0x43, 0x19, 0xba, 0x0e, 0x96,
	0x63, 0xe1, 0x3a, 0x2e, 0x3c, 0xcf, 0x03, 0x43, 0xd3, 0xf0, 0x00, 0x90,
	0x24, 0x09, 0x8a, 0x22, 0xa1, 0xeb, 0x3a, 0x00, 0xc0, 0xf5, 0x3c, 0xf0,
	0x1c, 0x07, 0x92, 0x24, 0x61, 0x99, 0x26, 0x2c, 0xcb, 0x06, 0x3c, 0x0f,
	0xae, 0xe7, 0xc1, 0x75, 0x5d, 0x10, 0xb4, 0x08, 0x27, 0x32, 0x1e, 0x69,
	0xf9, 0x04, 0xf8, 0xc3, 0x25, 0x20, 0x08, 0x0a, 0x2c, 0xc7, 0x41, 0x53,
	0x75, 0xb4, 0xb6, 0xb4, 0x82, 0x63, 0x5c, 0xb4, 0xe5, 0x0d, 0xd0, 0x04,
	0x01, 0x9f, 0x2c, 0x80, 0x22, 0x09, 0x88, 0x74, 0x0e, 0xbd, 0x43, 0x12,
	0x48, 0x92, 0x84, 0xeb, 0x7a, 0x68, 0x4b, 0xa6, 0x41, 0x13, 0x04, 0x1c,
	0xd7, 0x45, 0x32, 0x95, 0x06, 0xc5, 0x50, 0x88, 0xf8, 0x45, 0x58, 0xba,
	0x8a, 0xfa, 0xf5, 0xeb, 0xe0, 0x38, 0x0e, 0x1c, 0xc7, 0x02, 0xc7, 0x71,
	0x2d, 0x8e, 0xeb, 0xfc, 0x89, 0xa2, 0x99, 0x5f, 0xed, 0xd8, 0xf8, 0x62,
	0x0f, 0xe3, 0x7b, 0xe4, 0x80, 0x83, 0xa1, 0xbc, 0x6a, 0xe6, 0x60, 0x5d,
	0x37, 0xae, 0x11, 0x05, 0xfe, 0x7c, 0xd7, 0x73, 0x4b, 0x01, 0x02, 0xaa,
	0xaa, 0x41, 0xf6, 0x49, 0x70, 0x1d, 0x0f, 0xa2, 0x28, 0xc2, 0x76, 0x6c,
	0x00, 0x80, 0x69, 0x98, 0x60, 0x18, 0x06, 0xb6, 0xdd, 0xf1, 0xdf, 0xf3,
	0xbc, 0x8e, 0x27, 0x41, 0x51, 0x70, 0x3d, 0x0f, 0x05, 0x76, 0x30, 0x0a,
	0x7c, 0x35, 0x42, 0x45, 0x71, 0x90, 0x14, 0x01, 0xc7, 0xf6, 0xa0, 0xe4,
	0x32, 0xb0, 0xda, 0xb7, 0x41, 0xb0, 0x5b, 0xc0, 0x4a, 0x36, 0x88, 0x41,
	0x27, 0x81, 0x49, 0x00, 0x1a, 0x55, 0x04, 0xd5, 0xb0, 0xc1, 0xd1, 0x24,
	0x06, 0xf6, 0xd3, 0x50, 0x19, 0xf7, 0x83, 0xe3, 0x58, 0x38, 0xb6, 0x83,
	0x60, 0xd8, 0x8f, 0x9d, 0x3b, 0xf7, 0x01, 0xf0, 0x50, 0x14, 0x09, 0xc0,
	0xb2, 0x0d, 0xc4, 0x82, 0x1c, 0xb2, 0xad, 0xfb, 0xf0, 0xfe, 0x3f, 0x5f,
	0x05, 0x4d, 0x92, 0x1b, 0x1d, 0xcf, 0xbb, 0xdf, 0x75, 0x9c, 0x97, 0x1a,
	0xea, 0xff, 0x71, 0xd8, 0x43, 0xd3, 0xef, 0xfd, 0x79, 0xbc, 0xf7, 0xe0,
	0x99, 0x24, 0xc3, 0xd0, 0xe3, 0x35, 0x4d, 0xbb, 0x88, 0xa5, 0xe9, 0x19,
	0x14, 0x43, 0xc5, 0x48, 0x82, 0x82, 0xae, 0xe9, 0xf0, 0xf9, 0x7d, 0x28,
	0x28, 0x2a, 0x18, 0x86, 0x01, 0x49, 0x10, 0xd0, 0x34, 0x0d, 0x34, 0x4d,
	0x1f, 0x30, 0x9e, 0xf2, 0xf5, 0x43, 0xc1, 0x5f, 0x0b, 0xcd, 0x91, 0x20,
	0x49, 0x3c, 0xd2, 0x6d, 0x3b, 0xc1, 0xe9, 0x2d, 0xa0, 0xb5, 0x9d, 0x90,
	0xa9, 0x02, 0x00, 0x0f, 0x26, 0x28, 0xb8, 0xa5, 0xd5, 0xe0, 0x9b, 0xeb,
	0x41, 0x55, 0x5e, 0x89, 0x9d, 0xfb, 0xb2, 0x90, 0x24, 0x11, 0x86, 0x69,
	0xe0, 0x67, 0x35, 0x36, 0x2c, 0x90, 0xe0, 0x05, 0x1e, 0xb1, 0xb0, 0x1f,
	0xb9, 0xbc, 0x06, 0xc9, 0x27, 0x40, 0x60, 0x59, 0xb4, 0xb6, 0x25, 0xd0,
	0xaf, 0x77, 0x0c, 0x96, 0x5e, 0x80, 0xa5, 0xe6, 0x5a, 0x5e, 0x79, 0xe6,
	0xc9, 0x8b, 0x25, 0x51, 0xfa, 0x68, 0xfb, 0xc6, 0x17, 0xbf, 0xd7, 0x9e,
	0xe4, 0x98, 0xee, 0x07, 0x0c, 0x1c, 0x71, 0x31, 0xa5, 0xa9, 0xea, 0x44,
	0x82, 0xc4, 0x45, 0xb6, 0xed, 0x9c, 0x47, 0xd3, 0x54, 0x94, 0x22, 0x69,
	0x90, 0x14, 0x05, 0xcf, 0x73, 0x41, 0x91, 0x34, 0x6c, 0xdb, 0x86, 0x43,
	0x05, 0x60, 0x45, 0xc7, 0x42, 0xf5, 0x42, 0xa0, 0xb4, 0x26, 0x94, 0xf8,
	0x14, 0x64, 0xf7, 0x7e, 0x05, 0xdb, 0x28, 0x40, 0x94, 0x44, 0x98, 0x86,
	0x01, 0x51, 0x12, 0xa1, 0xeb, 0x06, 0x5c, 0x92, 0x85, 0x40, 0x03, 0x3a,
	0x22, 0xf0, 0x0f, 0xbf, 0x10, 0x89, 0xb4, 0x01, 0x9a, 0x24, 0x00, 0x6b,
	0x17, 0xce, 0x3c, 0xb9, 0x02, 0x8c, 0x28, 0x21, 0x99, 0xc9, 0x01, 0x00,
	0x64, 0x49, 0x84, 0x63, 0xd9, 0x30, 0x6d, 0x1b, 0x02, 0x43, 0x23, 0xe4,
	0x67, 0xe0, 0xe3, 0x49, 0x28, 0xba, 0x71, 0xc3, 0x7d, 0xf3, 0x26, 0x2f,
	0x3a, 0x1a, 0x5b, 0x8e, 0xe9, 0x4c, 0x70, 0xdb, 0x57, 0x2f, 0x38, 0x00,
	0x56, 0x00, 0x58, 0x51, 0x39, 0xf2, 0x92, 0x6b, 0x2d, 0xcb, 0x98, 0x64,
	0x1a, 0xc6, 0x6c, 0x8e, 0xe4, 0xce, 0xd3, 0x75, 0x23, 0x2a, 0x88, 0x1c,
	0xe8, 0xd0, 0x00, 0xe8, 0xb6, 0x00, 0x2e, 0xbb, 0x1e, 0x8c, 0xba, 0x0f,
	0x1c, 0xcb, 0x40, 0xcb, 0x3b, 0x10, 0x59, 0x1a, 0x1e, 0x2b, 0xc1, 0xf5,
	0x00, 0x86, 0x61, 0xa0, 0xeb, 0x1d, 0x1e, 0x2a, 0xd0, 0x40, 0xa1, 0xa0,
	0x40, 0x2e, 0x1f, 0x85, 0xf6, 0xb4, 0x02, 0x92, 0x64, 0x61, 0x19, 0x39,
	0xc4, 0x9c, 0xdd, 0x68, 0x4d, 0x87, 0xd1, 0x37, 0x18, 0x40, 0x26, 0x95,
	0x41, 0xaf, 0xb2, 0x38, 0x72, 0xd9, 0x3c, 0x38, 0x8e, 0x85, 0x5a, 0x28,
	0x80, 0xf2, 0xcb, 0xe0, 0x39, 0x09, 0xaa, 0x5a, 0x68, 0x61, 0x39, 0xf6,
	0xa9, 0xa3, 0xb5, 0xe5, 0x47, 0xbd, 0x21, 0x52, 0x5e, 0x35, 0x8b, 0x24,
	0x29, 0xc4, 0x00, 0xa6, 0x8f, 0xeb, 0x98, 0xc5, 0x04, 0x41, 0xf4, 0x22,
	0x29, 0xaa, 0xd4, 0x34, 0x8c, 0x12, 0x9a, 0xa6, 0x4b, 0x1d, 0xd7, 0xed,
	0x65, 0xdb, 0x76, 0x2f, 0x9e, 0x67, 0xa3, 0xa6, 0x61, 0x81, 0x61, 0x3a,
	0xf6, 0x07, 0x8e, 0xeb, 0x82, 0xa6, 0x29, 0x30, 0x0c, 0x83, 0x36, 0x7e,
	0x22, 0x32, 0x6e, 0x14, 0x63, 0x47, 0x0d, 0xc4, 0xd7, 0x5f, 0x7e, 0xb0,
	0x7e, 0xd8, 0x20, 0x81, 0x0c, 0x14, 0x95, 0x0c, 0xe7, 0x79, 0x01, 0x8e,
	0xeb, 0x22, 0x14, 0x0a, 0x80, 0xf0, 0x5c, 0x64, 0xf2, 0x2a, 0x24, 0x9e,
	0x85, 0x4f, 0x62, 0x11, 0x10, 0x49, 0x58, 0xa6, 0xfe, 0xd9, 0xc2, 0x5f,
	0x4f, 0x1e, 0x7f, 0xb4, 0x73, 0xfe, 0xa1, 0xc7, 0xe2, 0xdf, 0xc1, 0xee,
	0xaf, 0x5f, 0x76, 0xd1, 0x71, 0xf6, 0x77, 0xd8, 0xf3, 0xbf, 0xa2, 0x8a,
	0xb3, 0x58, 0xc0, 0x2d, 0x06, 0x50, 0x4a, 0x52, 0x54, 0x2f, 0xcf, 0x75,
	0xa3, 0x96, 0xe9, 0xee, 0xd5, 0xdc, 0x60, 0x0b, 0x57, 0x52, 0xbe, 0x2a,
	0xe4, 0x31, 0x8c, 0xa6, 0xaa, 0xfb, 0x9c, 0x68, 0xf5, 0x04, 0x29, 0xa4,
	0x7c, 0xe6, 0x78, 0x2e, 0x48, 0x12, 0xa0, 0x68, 0x06, 0x89, 0x64, 0x1a,
	0xf1, 0x58, 0xb8, 0xe3, 0x40, 0xc4, 0x30, 0xe0, 0xda, 0x0c, 0xfc, 0x42,
	0x00, 0x14, 0x49, 0x6d, 0x3c, 0x9c, 0xce, 0x43, 0xe1, 0x47, 0x25, 0xe0,
	0xfb, 0x22, 0xd1, 0xb0, 0xd4, 0x04, 0xb0, 0xa7, 0xf3, 0x77, 0x00, 0x91,
	0xd3, 0x5e, 0x3f, 0xcb, 0xb2, 0x1c, 0x66, 0xd8, 0xa0, 0x5e, 0x68, 0x4b,
	0x66, 0xee, 0x18, 0x57, 0xa9, 0x9c, 0xe4, 0x5a, 0xe6, 0x60, 0xc7, 0xa6,
	0x90, 0xf5, 0x54, 0xb0, 0x34, 0x03, 0x51, 0x12, 0x90, 0xc9, 0x16, 0xc0,
	0xb2, 0x34, 0x64, 0x9e, 0x05, 0x60, 0xc0, 0xb1, 0xcd, 0xac, 0x24, 0x4b,
	0x0f, 0x1f, 0xcb, 0x5c, 0x0e, 0xfb, 0x65, 0xe8, 0x78, 0x43, 0x10, 0xc5,
	0xd3, 0x4c, 0xc3, 0x45, 0x2a, 0x95, 0xde, 0xd4, 0x9c, 0xd4, 0x9e, 0xa6,
	0x09, 0x5c, 0x16, 0x09, 0x05, 0x39, 0xd9, 0x27, 0x81, 0x26, 0x08, 0x10,
	0xf0, 0x90, 0x6a, 0xcf, 0x82, 0x84, 0x8b, 0x80, 0xc8, 0x41, 0x53, 0x15,
	0x84, 0x24, 0x1e, 0xa6, 0x61, 0xaf, 0xbe, 0xe3, 0x8a, 0x13, 0xb7, 0x1c,
	0x8b, 0xce, 0xae, 0x1e, 0x70, 0x06, 0x00, 0x5f, 0x67, 0xb9, 0x11, 0xc0,
	0x17, 0x3f, 0xd4, 0xa0, 0xa3, 0x85, 0xa2, 0x9a, 0x53, 0x02, 0x7e, 0x01,
	0x24, 0x4d, 0xdf, 0x3c, 0xbc, 0x2c, 0x41, 0xa8, 0x0a, 0x31, 0x52, 0x37,
	0x2c, 0x78, 0x1e, 0x81, 0x50, 0x28, 0x08, 0x51, 0xe0, 0x40, 0x2b, 0x1a,
	0x14, 0x45, 0x83, 0xdf, 0x27, 0x20, 0x56, 0xe4, 0x47, 0xc0, 0xcf, 0xa7,
	0x93, 0xa9, 0xcc, 0x6f, 0x8f, 0x55, 0x67, 0x57, 0x0f, 0xb8, 0x7f, 0xfe,
	0xfc, 0xf9, 0xd7, 0x5d, 0x7a, 0xe9, 0xa5, 0xbf, 0x04, 0xf0, 0xa3, 0x5d,
	0x40, 0xf8, 0xbe, 0x28, 0x9f, 0xb1, 0x22, 0xce, 0x09, 0xc2, 0x30, 0xc2,
	0xb5, 0xdf, 0xad, 0x7f, 0x6e, 0xfc, 0xf2, 0x68, 0x50, 0x9c, 0xa7, 0xeb,
	0xc6, 0x10, 0x38, 0x00, 0x08, 0xc0, 0x30, 0x4c, 0xe4, 0x15, 0x0d, 0x24,
	0x49, 0x80, 0xe7, 0x58, 0x58, 0xba, 0x06, 0x8e, 0xa5, 0x50, 0x50, 0xb4,
	0x2f, 0x1e, 0xfa, 0xed, 0xcf, 0xd6, 0x1e, 0xab, 0xde, 0xae, 0xab, 0x40,
	0xbd, 0xe7, 0x79, 0x55, 0xdb, 0xb6, 0x6d, 0xdb, 0x56, 0x59, 0x59, 0xb9,
	0x0e, 0xdf, 0xef, 0xab, 0x2b, 0x07, 0xe0, 0x3e, 0x74, 0x78, 0xd2, 0x3e,
	0x00, 0x7f, 0xe8, 0xd2, 0x36, 0x05, 0xc0, 0xec, 0xce, 0xf2, 0x1e, 0x00,
	0xf7, 0x74, 0x96, 0xc7, 0x03, 0xb8, 0xa4, 0xb3, 0xdc, 0x06, 0x60, 0x2b,
	0x80, 0x09, 0xbe, 0x8a, 0x33, 0x4b, 0x7d, 0x35, 0xbf, 0x39, 0xb3, 0xb4,
	0x38, 0x3c, 0x32, 0xc2, 0x35, 0x6c, 0x49, 0x27, 0x5a, 0xd6, 0x14, 0x9a,
	0xea, 0x46, 0x90, 0x0c, 0x0d, 0x8a, 0xa0, 0x50, 0x31, 0xf2, 0x6c, 0xe4,
	0xd3, 0x2d, 0x70, 0x0b, 0x7b, 0xd0, 0xdc, 0xd8, 0x80, 0x50, 0x50, 0x04,
	0x45, 0xb8, 0xc6, 0xb6, 0x8d, 0x9f, 0xfc, 0xb3, 0xb5, 0xf1, 0xeb, 0x4d,
	0x00, 0xde, 0x06, 0xb0, 0x1e, 0xc0, 0x02, 0x00, 0xd1, 0x4e, 0xf9, 0xcf,
	0x01, 0xf8, 0xec, 0x20, 0x7a, 0x5b, 0x00, 0xfc, 0x1e, 0xf8, 0xe1, 0x39,
	0xe0, 0xb2, 0x39, 0x73, 0xe6, 0xd4, 0xd4, 0xd5, 0xd5, 0x8d, 0xa9, 0xad,
	0xad, 0x3d, 0x17, 0xc0, 0xc9, 0x5d, 0xda, 0x86, 0x5e, 0x77, 0xdd, 0x75,
	0x83, 0x3f, 0xf9, 0xe4, 0x93, 0xd1, 0x00, 0x66, 0x74, 0xa9, 0xaf, 0xba,
	0xea, 0xaa, 0xab, 0xaa, 0xea, 0xea, 0xea, 0xc6, 0x70, 0x1c, 0x77, 0x01,
	0x80, 0x89, 0x0f, 0x3f, 0xfc, 0x70, 0xd5, 0x2f, 0xfe, 0xe3, 0xd4, 0x13,
	0x73, 0xeb, 0xee, 0x6e, 0x59, 0xfd, 0x78, 0xed, 0xce, 0x42, 0x2e, 0x73,
	0x5d, 0x2e, 0x9b, 0x19, 0x66, 0xe5, 0x76, 0xe1, 0xde, 0xdb, 0x2e, 0x47,
	0xa6, 0x71, 0x1d, 0x9a, 0xf7, 0xee, 0xc2, 0x8e, 0xcf, 0x1e, 0xc7, 0xf4,
	0x09, 0x03, 0xf0, 0xc0, 0x82, 0x9f, 0xe3, 0xae, 0x9b, 0xff, 0x13, 0x77,
	0xff, 0xf6, 0x0a, 0xf5, 0xcd, 0x57, 0x9e, 0x19, 0xfc, 0xf4, 0xd3, 0x4f,
	0x9f, 0x1e, 0x8f, 0xc7, 0xff, 0x01, 0xa0, 0x9a, 0xe3, 0xb8, 0xf3, 0xeb,
	0xea, 0xea, 0xc6, 0x5c, 0x76, 0xd9, 0x65, 0x55, 0x00, 0x06, 0x1d, 0x4c,
	0x2f, 0x80, 0x0b, 0xf6, 0x57, 0xfe, 0x10, 0x02, 0x18, 0x49, 0x92, 0x7e,
	0xf3, 0xe0, 0x83, 0x0f, 0x0e, 0x19, 0x36, 0x6c, 0x58, 0xff, 0x27, 0x9f,
	0x7c, 0x92, 0x05, 0xf0, 0xbb, 0xae, 0x1d, 0x6a, 0x6a, 0x6a, 0xc8, 0x51,
	0xa3, 0x46, 0x55, 0x75, 0x1f, 0x38, 0x64, 0xc8, 0x10, 0x8c, 0x1a, 0x35,
	0xaa, 0x66, 0xff, 0xff, 0xd1, 0x27, 0x9d, 0x14, 0xba, 0xf7, 0xee, 0x1b,
	0x8a, 0x17, 0xfd, 0xfe, 0xf2, 0xbd, 0x2c, 0xc7, 0x2f, 0xd7, 0xf2, 0xb9,
	0x2b, 0xc2, 0xd1, 0x28, 0xc5, 0xb1, 0x1c, 0xa6, 0x4d, 0x1d, 0x07, 0x86,
	0x13, 0x20, 0xd3, 0x79, 0xcc, 0xbe, 0xe0, 0x42, 0x5c, 0x73, 0xc5, 0xf9,
	0xc8, 0x66, 0xf3, 0xc8, 0x66, 0x32, 0x05, 0x35, 0x9f, 0xde, 0x91, 0x4a,
	0xa5, 0xf4, 0x8b, 0x2e, 0xba, 0x68, 0xd4, 0x8d, 0x37, 0xde, 0xd8, 0x88,
	0x8e, 0xa7, 0xec, 0x8d, 0x1a, 0x35, 0xaa, 0xa6, 0xba, 0xba, 0xba, 0xc7,
	0x56, 0xb8, 0xbb, 0x5e, 0xe0, 0x87, 0x2d, 0x83, 0x17, 0xcd, 0x99, 0x33,
	0xa7, 0x95, 0x24, 0xc9, 0xd8, 0xb9, 0xe7, 0x9e, 0xbb, 0xe9, 0x9d, 0x77,
	0xde, 0x39, 0xb9, 0xb6, 0xb6, 0xd6, 0x5c, 0xbb, 0x76, 0x6d, 0x2d, 0x80,
	0xa3, 0x8a, 0x49, 0xc7, 0x76, 0x59, 0xdb, 0x76, 0xbc, 0xab, 0xae, 0xfc,
	0xcf, 0xd1, 0x20, 0xd9, 0x96, 0xdf, 0xdd, 0xb3, 0xa4, 0x78, 0xe0, 0x98,
	0x39, 0xd8, 0x7f, 0xdb, 0x84, 0xa6, 0x48, 0x28, 0x99, 0x24, 0x06, 0x0f,
	0x9a, 0x88, 0xd6, 0xb6, 0x76, 0xdc, 0x70, 0xd3, 0x4d, 0xb6, 0x6d, 0x39,
	0xcf, 0xb5, 0x36, 0xd6, 0x67, 0x00, 0x5c, 0xd4, 0xd6, 0xd6, 0x96, 0xee,
	0xd3, 0xa7, 0x0f, 0x83, 0x9e, 0xb7, 0x5c, 0x2f, 0x05, 0x30, 0xba, 0xb3,
	0x5c, 0x8d, 0x2e, 0x97, 0xbb, 0xf6, 0xe3, 0x58, 0x09, 0xa0, 0x38, 0x8e,
	0xbb, 0x79, 0xc1, 0x82, 0x05, 0xb1, 0x07, 0x1f, 0x7c, 0x70, 0xe3, 0xf2,
	0xe5, 0xcb, 0x47, 0xef, 0xdc, 0xb9, 0x73, 0xe7, 0xa3, 0x8f, 0x3e, 0x4a,
	0x8d, 0x1e, 0x3d, 0xfa, 0xbf, 0x00, 0x9c, 0x77, 0x34, 0xc2, 0x6c, 0x07,
	0xfc, 0x5b, 0x6f, 0xbd, 0xb5, 0xa6, 0x3d, 0x93, 0xe7, 0xaf, 0xba, 0xfc,
	0x3f, 0x86, 0x81, 0x62, 0x71, 0xcb, 0xed, 0x77, 0xa1, 0xbc, 0x77, 0x19,
	0x80, 0x8e, 0x9d, 0x22, 0xe0, 0x81, 0x00, 0x01, 0xc0, 0x73, 0x5d, 0xd7,
	0xab, 0x6f, 0x6d, 0xac, 0xbf, 0xb6, 0x73, 0xf8, 0xb8, 0xbe, 0x7d, 0xfb,
	0x56, 0x28, 0x8a, 0x62, 0x02, 0x58, 0x83, 0xce, 0x70, 0xbb, 0xfc, 0xf2,
	0xcb, 0x07, 0x4f, 0x99, 0x32, 0xa5, 0x15, 0xc0, 0x98, 0xfd, 0x7a, 0x2a,
	0x2a, 0x2a, 0x7a, 0x7c, 0xbc, 0x3d, 0x56, 0x02, 0x66, 0x5c, 0x70, 0xc1,
	0x05, 0xe9, 0x50, 0x28, 0x54, 0xb5, 0x78, 0xf1, 0xe2, 0x0a, 0x96, 0x65,
	0xf5, 0x05, 0x0b, 0x16, 0xec, 0x7d, 0xea, 0xa9, 0xa7, 0x26, 0x0e, 0x1b,
	0x36, 0xcc, 0xdb, 0xb4, 0x69, 0x53, 0xcd, 0x91, 0x45, 0xfc, 0x0b, 0x0c,
	0x43, 0x28, 0x8e, 0x63, 0xbb, 0x57, 0xcf, 0x9d, 0x3b, 0x34, 0x99, 0x31,
	0x70, 0xf3, 0xaf, 0xaf, 0x80, 0x24, 0x88, 0x58, 0xfc, 0x48, 0xc7, 0x45,
	0x30, 0x92, 0x20, 0x60, 0x5a, 0x26, 0x48, 0x92, 0x70, 0x68, 0x9a, 0xd0,
	0x9a, 0x1b, 0x36, 0x77, 0xdd, 0x69, 0x32, 0x8a, 0xa2, 0x64, 0x01, 0x6c,
	0x46, 0x97, 0x8d, 0x15, 0x4d, 0xd3, 0xb4, 0x2c, 0xcb, 0xdc, 0x77, 0x8c,
	0xa5, 0xe9, 0x1e, 0xf6, 0x1e, 0x8a, 0x80, 0x1a, 0x74, 0x64, 0xd3, 0xee,
	0xf8, 0x14, 0xc0, 0xbb, 0x1c, 0xc7, 0xdd, 0x7e, 0xef, 0xbd, 0xf7, 0x16,
	0x51, 0x14, 0x45, 0x25, 0x12, 0x89, 0xfd, 0x6e, 0x37, 0x11, 0x00, 0x1e,
	0x7d, 0xf4, 0x51, 0x77, 0xfc, 0xf8, 0xf1, 0xff, 0x05, 0xe0, 0x93, 0x2e,
	0xe3, 0x44, 0x00, 0xc3, 0x3a, 0xcb, 0x65, 0xdd, 0x85, 0x52, 0x24, 0xe1,
	0x64, 0x72, 0x56, 0xff, 0x7e, 0xb5, 0xe7, 0x13, 0x0f, 0xfc, 0xcf, 0xf3,
	0xb0, 0x1d, 0x0f, 0xb7, 0xdd, 0x70, 0x25, 0x46, 0xd5, 0x0e, 0x01, 0x00,
	0x38, 0x8e, 0x0d, 0x81, 0xa3, 0x35, 0x9e, 0x25, 0x92, 0x1c, 0x43, 0xd3,
	0x00, 0x02, 0xf8, 0x97, 0x6b, 0x93, 0x3b, 0x76, 0xec, 0x90, 0x9e, 0x7f,
	0xfe, 0xf9, 0x61, 0x77, 0xde, 0x79, 0xe7, 0x81, 0x64, 0xfb, 0xc4, 0x13,
	0x4f, 0x6c, 0xbe, 0xe5, 0x96, 0x5b, 0x78, 0x00, 0xfb, 0xef, 0x3d, 0x0f,
	0x5c, 0xb4, 0x68, 0x51, 0xeb, 0xbc, 0x79, 0xf3, 0xbe, 0xf3, 0xf5, 0xa8,
	0x07, 0x01, 0xa5, 0xa5, 0xa5, 0x25, 0x4b, 0x97, 0x2e, 0xdd, 0x02, 0xe0,
	0xb4, 0xae, 0xf5, 0x1f, 0x7f, 0xfc, 0xb1, 0xbe, 0x70, 0xe1, 0x42, 0x0e,
	0x00, 0x7b, 0xd6, 0x59, 0x67, 0x29, 0xc5, 0xc5, 0xc5, 0x23, 0xae, 0xbf,
	0xfe, 0xfa, 0x95, 0x99, 0x4c, 0xe6, 0x40, 0x22, 0x9d, 0x3e, 0x7d, 0x3a,
	0x35, 0x7b, 0xf6, 0xec, 0xb1, 0xd5, 0xd5, 0xd5, 0x74, 0x7d, 0x7d, 0xfd,
	0x86, 0x54, 0x2a, 0xe5, 0x52, 0x14, 0x45, 0x4f, 0x9b, 0x36, 0x2d, 0x03,
	0xe0, 0xb1, 0xfd, 0xfd, 0x86, 0x0f, 0x1f, 0xce, 0xaa, 0xaa, 0xaa, 0x18,
	0x86, 0xa1, 0x00, 0x40, 0x5e, 0x31, 0x8b, 0x0d, 0xcb, 0x8d, 0x68, 0xa6,
	0x0d, 0xb9, 0xdf, 0x34, 0x3c, 0xf8, 0xd8, 0x0b, 0x30, 0x4d, 0x03, 0x77,
	0xfe, 0xb6, 0xc3, 0xcb, 0x69, 0x9a, 0xb4, 0x5b, 0x1b, 0xb7, 0x2f, 0x53,
	0x72, 0x23, 0x62, 0x82, 0x20, 0x0c, 0x9d, 0x35, 0x6b, 0x96, 0x0d, 0xe0,
	0xfe, 0x4e, 0x71, 0x76, 0x51, 0x51, 0x51, 0xa4, 0x7f, 0xff, 0xfe, 0xcd,
	0x00, 0xba, 0x5f, 0xd0, 0x78, 0x1c, 0xc0, 0x5f, 0x3b, 0xcb, 0x57, 0xe3,
	0x5f, 0xcb, 0xe0, 0x41, 0x51, 0xef, 0x1d, 0x06, 0xef, 0xbf, 0xff, 0xfe,
	0x6a, 0x00, 0x0b, 0x39, 0x8e, 0x5b, 0xdb, 0xd0, 0xd0, 0xb0, 0x6b, 0xf9,
	0xf2, 0xe5, 0x75, 0x00, 0xfe, 0x81, 0x8e, 0xcc, 0x3b, 0x1e, 0xc0, 0xc4,
	0x40, 0x20, 0xb0, 0x5d, 0x55, 0x55, 0x65, 0xc5, 0x8a, 0x15, 0x6b, 0x00,
	0x2c, 0x1d, 0x39, 0x72, 0xe4, 0x3a, 0x45, 0x51, 0xf2, 0xdd, 0x65, 0xb9,
	0xae, 0xeb, 0x3d, 0xf7, 0xdc, 0x73, 0x9f, 0x02, 0x78, 0x48, 0x2a, 0x19,
	0xfe, 0xd1, 0xb2, 0x77, 0x57, 0xda, 0x8f, 0x3e, 0xf1, 0xa2, 0xd7, 0xeb,
	0x84, 0x4b, 0xbc, 0x91, 0xb3, 0xff, 0xc7, 0x9b, 0x72, 0xc5, 0x53, 0x5e,
	0xdf, 0xe1, 0xd3, 0xbc, 0x3b, 0xfe, 0xb8, 0xc4, 0xf3, 0x3c, 0xcf, 0xab,
	0xe8, 0x3f, 0xb8, 0x09, 0xc0, 0x94, 0xa9, 0x53, 0xa7, 0x7e, 0xa1, 0x69,
	0x9a, 0xd2, 0x5d, 0x9e, 0xa6, 0x69, 0xca, 0xe9, 0xa7, 0x9f, 0xbe, 0x0a,
	0xc0, 0x14, 0x8e, 0xe3, 0xbe, 0xf1, 0x3c, 0xcf, 0x5b, 0xb8, 0x70, 0xe1,
	0x47, 0x00, 0xae, 0xe8, 0x62, 0xdf, 0xd5, 0x8b, 0x16, 0x2d, 0x5a, 0xd9,
	0x79, 0xed, 0xaf, 0x7e, 0x7f, 0x65, 0xd7, 0x8d, 0xd0, 0x57, 0xd1, 0x68,
	0xd4, 0x87, 0x43, 0xc0, 0x34, 0x4d, 0x2e, 0x97, 0xcb, 0x7d, 0x04, 0xe0,
	0xdc, 0x50, 0x28, 0xd4, 0xae, 0x28, 0x0a, 0x6f, 0x9a, 0xe6, 0x24, 0x00,
	0x5d, 0x6f, 0x87, 0xde, 0xe6, 0xf7, 0xfb, 0xaf, 0x65, 0x59, 0xd6, 0x4c,
	0x26, 0x93, 0xc5, 0x00, 0x9e, 0xe5, 0x38, 0x6e, 0xbc, 0xcf, 0xe7, 0x13,
	0xbb, 0xc9, 0x22, 0x73, 0xb9, 0xdc, 0x17, 0xbd, 0x4f, 0xbe, 0x7a, 0x63,
	0x2e, 0xd1, 0x30, 0x9f, 0xd6, 0xf6, 0x48, 0xae, 0xeb, 0x42, 0x2c, 0x3d,
	0x19, 0x03, 0x86, 0x4c, 0x41, 0x28, 0xe2, 0x43, 0x7b, 0x2a, 0xad, 0x35,
	0xac, 0x7d, 0x31, 0xaf, 0x27, 0xb7, 0x5a, 0x6d, 0xad, 0xfb, 0xfc, 0xe8,
	0xb8, 0x7c, 0x75, 0x37, 0xc7, 0x71, 0xa7, 0xfb, 0x7c, 0xbe, 0xef, 0xc4,
	0x76, 0x3e, 0x9f, 0x37, 0x0c, 0xc3, 0x58, 0x0e, 0x60, 0x3e, 0x80, 0x35,
	0xd1, 0x68, 0x94, 0xd3, 0x34, 0x4d, 0x52, 0x14, 0xe5, 0x56, 0x00, 0xcf,
	0x74, 0x76, 0xbb, 0x42, 0x92, 0xa4, 0x7b, 0x04, 0x41, 0x50, 0x92, 0xc9,
	0x64, 0x1e, 0xc0, 0x88, 0xee, 0x04, 0x1c, 0x57, 0xd4, 0xcc, 0x5c, 0xfc,
	0x4b, 0x86, 0x65, 0x7e, 0x97, 0x2f, 0x68, 0x45, 0x4a, 0x41, 0x45, 0x55,
	0xf5, 0x40, 0xb4, 0xed, 0x6d, 0x41, 0xe5, 0xc0, 0xde, 0x48, 0x26, 0x33,
	0x5b, 0x5c, 0xdb, 0xbe, 0xef, 0xe3, 0xe7, 0xaf, 0x39, 0xea, 0x03, 0x8e,
	0xa3, 0xc5, 0x41, 0x4f, 0x85, 0xff, 0xdd, 0xa8, 0xbd, 0xe8, 0x91, 0x3b,
	0x39, 0x96, 0xbd, 0x3d, 0x91, 0xca, 0x86, 0x39, 0x5e, 0x80, 0x63, 0xd9,
	0x1d, 0x6f, 0x7b, 0x24, 0x76, 0x67, 0x0a, 0xca, 0x6b, 0x84, 0xeb, 0xcc,
	0xfc, 0xf4, 0x6f, 0xbf, 0xa8, 0x3b, 0x1e, 0x73, 0x39, 0xae, 0x1e, 0x30,
	0xf0, 0xac, 0xfb, 0x7c, 0x04, 0xe1, 0xfe, 0x15, 0x1e, 0xce, 0x34, 0x2d,
	0x47, 0x2c, 0xef, 0x5d, 0x8a, 0x1d, 0xdb, 0x77, 0x29, 0xb2, 0x5f, 0xda,
	0xc0, 0x33, 0xcc, 0x7b, 0x25, 0x25, 0xd1, 0x45, 0xcb, 0x1e, 0xba, 0x38,
	0x7b, 0x3c, 0xe7, 0x74, 0xdc, 0x08, 0x18, 0x71, 0xfe, 0xc3, 0xa7, 0x12,
	0x24, 0xee, 0x77, 0x1c, 0x6f, 0x58, 0x73, 0x73, 0xa2, 0x39, 0x1e, 0x8f,
	0x36, 0x49, 0x92, 0xb8, 0x2d, 0x9b, 0xcd, 0x3e, 0xf6, 0xcd, 0x1b, 0x37,
	0x7c, 0x7c, 0x64, 0x09, 0xff, 0x1e, 0x1c, 0x17, 0x02, 0xaa, 0xce, 0x7d,
	0xa0, 0x2a, 0x93, 0xc9, 0xde, 0xc7, 0x71, 0xdc, 0xa6, 0x78, 0x2c, 0xf2,
	0x61, 0x22, 0x99, 0x59, 0xb5, 0x73, 0xd9, 0xcd, 0xb9, 0xe3, 0xa1, 0xfb,
	0x27, 0xfc, 0x84, 0x9f, 0x70, 0x58, 0xfc, 0x1f, 0x16, 0x87, 0x8b, 0x54,
	0xa3, 0x17, 0x90, 0xb7, 0x00, 0x00, 0x00, 0x00, 0x49, 0x45, 0x4e, 0x44,
	0xae, 0x42, 0x60, 0x82
};

#else

static unsigned const char launcher_ico_png[] = {
	0x89, 0x50, 0x4e, 0x47, 0x0d, 0x0a, 0x1a, 0x0a, 0x00, 0x00, 0x00, 0x0d,
	0x49, 0x48, 0x44, 0x52, 0x00, 0x00, 0x00, 0x40, 0x00, 0x00, 0x00, 0x40,
	0x10, 0x06, 0x00, 0x00, 0x00, 0xfa, 0xf9, 0xad, 0x9d, 0x00, 0x00, 0x00,
	0x09, 0x70, 0x48, 0x59, 0x73, 0x00, 0x00, 0x0e, 0xc4, 0x00, 0x00, 0x0e,
	0xc4, 0x01, 0x95, 0x2b, 0x0e, 0x1b, 0x00, 0x00, 0x20, 0x00, 0x49, 0x44,
	0x41, 0x54, 0x78, 0x9c, 0xed, 0x7c, 0x77, 0x40, 0x16, 0xc7, 0xf6, 0xf6,
	0x33, 0xbb, 0xfb, 0x76, 0x7a, 0x2f, 0x02, 0x22, 0xd8, 0x45, 0x41, 0x45,
	0x41, 0xb0, 0x1b, 0x35, 0x16, 0x44, 0xc5, 0xd8, 0x7b, 0x43, 0x8d, 0x31,
	0xf6, 0x12, 0x63, 0xc1, 0x82, 0x5d, 0x23, 0x96, 0xd8, 0xb0, 0xc4, 0xde,
	0x10, 0x15, 0xbb, 0xa8, 0x80, 0x08, 0x02, 0x36, 0xec, 0x08, 0x02, 0xd2,
	0xa4, 0x49, 0xe7, 0x6d, 0xbb, 0xf3, 0xfd, 0x81, 0xe4, 0xde, 0x60, 0xb8,
	0xc9, 0x2f, 0x1a, 0xf9, 0xee, 0x8d, 0xcf, 0x3f, 0xc3, 0xce, 0x9c, 0x36,
	0x67, 0x0e, 0xf3, 0xee, 0x9e, 0x3d, 0xb3, 0xc0, 0x17, 0x7c, 0xc1, 0x17,
	0x7c, 0xc1, 0x17, 0x7c, 0xc1, 0x17, 0x7c, 0xc1, 0x17, 0x7c, 0xc1, 0x3f,
	0x05, 0x4b, 0x37, 0x0f, 0x88, 0x06, 0x1a, 0x8e, 0xda, 0xed, 0x32, 0x25,
	0x5c, 0x7a, 0xb3, 0x87, 0xb2, 0xa6, 0xed, 0xa9, 0x29, 0x30, 0x35, 0x6d,
	0x40, 0x4d, 0xc1, 0x41, 0x65, 0x63, 0xa1, 0xf7, 0xcc, 0xb3, 0xbf, 0x49,
	0xa0, 0xa1, 0x44, 0x3f, 0xa2, 0x63, 0xdd, 0x9a, 0xb6, 0xa7, 0xa6, 0xf0,
	0x8f, 0x0d, 0x00, 0xdd, 0x54, 0xc5, 0x53, 0x45, 0x8e, 0xdb, 0x49, 0xdd,
	0x59, 0x8a, 0x2b, 0xf2, 0xe1, 0xcd, 0x16, 0xd4, 0xb4, 0x3d, 0x35, 0x85,
	0x7f, 0x6c, 0x00, 0xc8, 0xec, 0xa4, 0xd7, 0xa5, 0xbd, 0x1b, 0xf5, 0xd6,
	0xa9, 0xa7, 0x78, 0xa6, 0xd8, 0xe5, 0x30, 0xb1, 0xa6, 0xed, 0xa9, 0x29,
	0xfc, 0x73, 0x03, 0xc0, 0x55, 0xfa, 0x42, 0x3c, 0xd9, 0xce, 0x4e, 0xf7,
	0x07, 0x1d, 0x67, 0x9d, 0x33, 0x16, 0x6c, 0x4d, 0xdb, 0x53, 0x53, 0xf8,
	0xc7, 0x06, 0x80, 0x62, 0xbb, 0x8c, 0x48, 0x06, 0x1b, 0x67, 0x18, 0x28,
	0xf5, 0x77, 0xeb, 0xe5, 0xca, 0x5f, 0xd6, 0xb4, 0x3d, 0x35, 0x85, 0x7f,
	0x5c, 0x00, 0x4c, 0x3f, 0xdf, 0x7d, 0x3f, 0x80, 0x64, 0xd9, 0x2e, 0xa9,
	0x83, 0x64, 0x92, 0xd8, 0x4b, 0x4f, 0xad, 0x2b, 0xd1, 0x09, 0x80, 0x63,
	0x45, 0xbf, 0x95, 0xba, 0xa6, 0xed, 0xfb, 0xdc, 0xe0, 0x6a, 0xda, 0x80,
	0x9a, 0x81, 0xb1, 0xb1, 0xf4, 0x99, 0x64, 0xa7, 0xc8, 0x04, 0x60, 0xd7,
	0x33, 0xa9, 0xdc, 0x06, 0xc0, 0x81, 0xd8, 0x8d, 0xd1, 0xf5, 0xb4, 0x6b,
	0x07, 0x00, 0xc5, 0x11, 0x19, 0x35, 0x6d, 0xe0, 0x67, 0xc3, 0x3f, 0x6e,
	0x07, 0x30, 0x4c, 0xd0, 0x6b, 0x0e, 0x58, 0x1c, 0x15, 0xb9, 0x70, 0x83,
	0x59, 0x73, 0x00, 0x22, 0x52, 0x0b, 0xde, 0x80, 0xd1, 0x0a, 0x83, 0xa5,
	0x46, 0x53, 0xeb, 0xf0, 0x35, 0x6d, 0xdf, 0xe7, 0xc6, 0xff, 0x6c, 0x00,
	0x04, 0x34, 0x1c, 0xe7, 0x45, 0xbe, 0xf6, 0xf0, 0xad, 0xda, 0x6f, 0x96,
	0x65, 0x3c, 0x4f, 0xfa, 0xcc, 0xe1, 0x00, 0x59, 0x0b, 0x5f, 0xd8, 0x03,
	0x50, 0xd2, 0x58, 0x3a, 0x09, 0x90, 0x47, 0xca, 0xae, 0xcb, 0x02, 0x6c,
	0x57, 0x7e, 0x20, 0x47, 0x31, 0xce, 0x9d, 0xf8, 0x78, 0xcc, 0xf8, 0x2c,
	0x46, 0xd7, 0x00, 0xfe, 0xe7, 0x02, 0x60, 0x3e, 0xbc, 0x82, 0x40, 0x1c,
	0xa2, 0x1d, 0x24, 0x36, 0x79, 0x56, 0xe1, 0x13, 0x42, 0xab, 0x8e, 0xcb,
	0xd7, 0x48, 0xf5, 0xa4, 0x61, 0x76, 0x23, 0xc8, 0x1d, 0xb2, 0x19, 0xcd,
	0x00, 0x14, 0x62, 0x3f, 0xcd, 0x07, 0x24, 0x52, 0x71, 0x0f, 0xf1, 0x2b,
	0xeb, 0x7a, 0x55, 0xe9, 0xeb, 0x30, 0xb5, 0xba, 0x5a, 0x65, 0x4c, 0x0a,
	0x99, 0xef, 0xec, 0xf5, 0x08, 0xc4, 0xe1, 0xe6, 0xe7, 0x98, 0xc3, 0xe7,
	0xc4, 0xff, 0x5c, 0x00, 0x78, 0xd4, 0x73, 0xa9, 0x63, 0x55, 0xb8, 0x64,
	0x88, 0x70, 0x09, 0x0f, 0xd8, 0xe6, 0x65, 0x57, 0xaa, 0x8e, 0x8b, 0x7b,
	0x88, 0xbc, 0x45, 0x57, 0x6a, 0x35, 0x24, 0xf1, 0xd8, 0x8d, 0x16, 0x00,
	0x0a, 0xb1, 0x83, 0xde, 0x03, 0xc4, 0x1a, 0xf1, 0x58, 0xee, 0xb5, 0xc5,
	0x9b, 0xaa, 0xf4, 0x82, 0x0e, 0x5d, 0x47, 0xa7, 0x0a, 0x9c, 0x87, 0x9b,
	0x4b, 0x81, 0x65, 0xcc, 0x9c, 0xc4, 0xcf, 0x32, 0x89, 0xcf, 0x88, 0xff,
	0xb9, 0x00, 0xa8, 0xef, 0x66, 0x3f, 0xdc, 0xb2, 0xdb, 0x60, 0x9f, 0xbc,
	0x88, 0x82, 0x90, 0xb2, 0xfc, 0xab, 0xb2, 0xaa, 0xe3, 0x22, 0x3d, 0xae,
	0x0b, 0xb7, 0xd3, 0x52, 0x84, 0xc7, 0x24, 0x90, 0x34, 0x07, 0x50, 0x48,
	0x77, 0xd2, 0xa7, 0x80, 0x38, 0x40, 0xa4, 0x23, 0xba, 0x64, 0x1a, 0x52,
	0x95, 0x3e, 0xbf, 0x51, 0x61, 0xf7, 0xe2, 0x7a, 0xd7, 0xf7, 0xd5, 0x1d,
	0x64, 0xa7, 0xb0, 0x1c, 0x3d, 0x66, 0xca, 0xec, 0xf8, 0x5e, 0x76, 0x80,
	0x7d, 0xf6, 0x67, 0x99, 0xcc, 0x67, 0xc0, 0xff, 0x4c, 0x00, 0x9c, 0x7c,
	0xb8, 0xa0, 0x91, 0x85, 0x53, 0xc0, 0x73, 0xa3, 0x5c, 0xfd, 0xdd, 0xba,
	0x2d, 0xd8, 0x55, 0x0f, 0xa4, 0xcf, 0x52, 0x72, 0x1f, 0x5f, 0xfd, 0xe0,
	0x29, 0x87, 0xdb, 0xca, 0x25, 0x73, 0x2d, 0xcd, 0xf2, 0xc9, 0x73, 0xb2,
	0x0f, 0x2d, 0x01, 0x14, 0x23, 0x88, 0xea, 0x03, 0x22, 0x7f, 0x91, 0x44,
	0xb4, 0xc1, 0x68, 0x6f, 0x55, 0xfa, 0x67, 0x4b, 0x92, 0x5a, 0x16, 0xbb,
	0x46, 0xe8, 0x1a, 0x9c, 0xd6, 0x1b, 0x26, 0x9f, 0xc4, 0x95, 0xb7, 0x5b,
	0xd5, 0xf2, 0xbc, 0x7d, 0xf9, 0xb7, 0xd6, 0x9f, 0x65, 0x52, 0x9f, 0x01,
	0xa4, 0xa6, 0x0d, 0xf8, 0xb3, 0xf0, 0xdc, 0xee, 0x36, 0xc1, 0x69, 0xac,
	0x64, 0x32, 0xbb, 0x88, 0xd1, 0xa5, 0x8d, 0x5b, 0xbc, 0xd0, 0x1b, 0xa8,
	0xe3, 0x4c, 0xe6, 0xb4, 0xef, 0x25, 0xe2, 0x39, 0x57, 0x7a, 0xaf, 0xc9,
	0x62, 0x6f, 0x1f, 0xe7, 0x5c, 0x84, 0x0f, 0x2c, 0x10, 0xbd, 0x90, 0xe4,
	0xcb, 0x73, 0x19, 0xdb, 0x0b, 0xc5, 0xf1, 0xb7, 0x95, 0x42, 0xdc, 0x78,
	0xee, 0x24, 0xdb, 0x82, 0xdc, 0x91, 0xcd, 0x60, 0xf6, 0x31, 0x3d, 0xf0,
	0x93, 0xd4, 0xa8, 0x0e, 0x6b, 0x98, 0xae, 0x39, 0x6e, 0xb3, 0xc8, 0xde,
	0xd1, 0x12, 0xba, 0xbb, 0xc4, 0x0b, 0x25, 0xe6, 0x92, 0x68, 0xe9, 0x7a,
	0x20, 0x23, 0x25, 0x7f, 0x91, 0x72, 0xb1, 0xb0, 0xf4, 0x71, 0x6a, 0xfa,
	0x50, 0xf5, 0xf3, 0xec, 0x40, 0xa1, 0xb6, 0x30, 0x82, 0xfe, 0xac, 0x0a,
	0xa7, 0x3d, 0xa9, 0x3f, 0x52, 0x94, 0x8f, 0x3d, 0x0d, 0xea, 0x5c, 0xc6,
	0xce, 0x7a, 0xae, 0xa2, 0x07, 0x5c, 0x53, 0xd1, 0x4c, 0xea, 0x7b, 0xde,
	0xf7, 0x61, 0xac, 0x4a, 0x73, 0xf1, 0x80, 0x36, 0x53, 0xbb, 0x10, 0x81,
	0xf9, 0xd3, 0xb5, 0x13, 0x79, 0x60, 0x6a, 0x7a, 0x8f, 0x82, 0x93, 0x45,
	0x22, 0x7a, 0xf6, 0xc2, 0x6e, 0x8d, 0xa9, 0xf6, 0x09, 0xac, 0xa3, 0x9e,
	0x44, 0xf8, 0x46, 0x6d, 0x8f, 0x3f, 0xa2, 0x49, 0xae, 0x69, 0xff, 0x55,
	0x87, 0xcf, 0x1e, 0x00, 0x1e, 0x59, 0xad, 0xbf, 0x76, 0x32, 0xc1, 0x57,
	0x9c, 0x23, 0xeb, 0x48, 0x37, 0xb5, 0x9f, 0x26, 0x79, 0x23, 0x9e, 0x2b,
	0xa4, 0x0c, 0x9c, 0x2a, 0x79, 0x2c, 0x7e, 0x04, 0xef, 0x16, 0xa6, 0xf2,
	0x59, 0xd2, 0xaf, 0x58, 0x0f, 0x9b, 0xfb, 0xd2, 0x83, 0xd2, 0xf5, 0x0c,
	0x0c, 0x82, 0x25, 0x1a, 0xb1, 0x39, 0x59, 0x2d, 0x9d, 0x25, 0x9d, 0x2f,
	0x59, 0x46, 0x46, 0x91, 0x87, 0xb2, 0x23, 0xd2, 0x6f, 0x99, 0x7c, 0x70,
	0xb2, 0x4d, 0xd2, 0x6d, 0x6c, 0x1c, 0x20, 0xdd, 0x26, 0xbe, 0xca, 0xee,
	0x00, 0xb8, 0xed, 0x9c, 0x1e, 0x19, 0x02, 0xb0, 0x7b, 0xd8, 0xee, 0x24,
	0x10, 0x20, 0xb3, 0x48, 0x17, 0xb4, 0x01, 0x08, 0x25, 0x09, 0xb0, 0x02,
	0xc8, 0x49, 0x04, 0x40, 0x17, 0xc0, 0x4c, 0x32, 0x06, 0x52, 0x80, 0xb8,
	0xc3, 0x05, 0x2c, 0x00, 0x02, 0x06, 0x04, 0xa0, 0x31, 0x78, 0x04, 0x2d,
	0x80, 0x2d, 0xf4, 0x17, 0xa8, 0x00, 0x3a, 0x14, 0x33, 0x51, 0x06, 0x50,
	0x3b, 0xda, 0x01, 0x85, 0x00, 0xcd, 0xa4, 0xfa, 0xc8, 0x01, 0xa8, 0x3f,
	0xbd, 0x86, 0x67, 0x80, 0x90, 0x21, 0x38, 0xd1, 0xd3, 0x80, 0x76, 0x11,
	0x9f, 0x87, 0xfa, 0x80, 0x66, 0xa8, 0x46, 0x24, 0x74, 0x07, 0x94, 0x85,
	0xaa, 0x64, 0xde, 0x1f, 0x28, 0xeb, 0x53, 0xfe, 0x13, 0xed, 0x8a, 0x1c,
	0x55, 0x0b, 0x8d, 0x25, 0x65, 0xb4, 0x6a, 0x55, 0x86, 0xea, 0x09, 0xbd,
	0x53, 0xf8, 0xae, 0x6c, 0x94, 0x72, 0xaf, 0x60, 0x90, 0x24, 0x2b, 0xf5,
	0x2b, 0x33, 0x16, 0xc6, 0x5d, 0xe9, 0x50, 0xd0, 0xbb, 0x78, 0x13, 0x7d,
	0xb8, 0x66, 0x43, 0xd8, 0x37, 0x91, 0x0f, 0xe3, 0x2f, 0x15, 0x7d, 0xf3,
	0xb9, 0xd7, 0xe3, 0x93, 0x07, 0x80, 0xe7, 0x46, 0xb7, 0x29, 0x4e, 0xc3,
	0x39, 0x02, 0x11, 0xb6, 0x6a, 0xf5, 0x06, 0xcc, 0x95, 0xc6, 0x8b, 0x7f,
	0xc1, 0xc3, 0x49, 0x79, 0x3a, 0x7b, 0xe4, 0x6e, 0x6c, 0xf7, 0xa6, 0xf9,
	0xb2, 0xeb, 0xb2, 0x55, 0xcc, 0x74, 0xbd, 0x5f, 0x74, 0x78, 0xf9, 0x02,
	0x36, 0x8a, 0xc8, 0xf4, 0x2e, 0xea, 0x36, 0x15, 0xdd, 0x02, 0xe4, 0xf7,
	0xa5, 0x67, 0xd8, 0x21, 0x00, 0x67, 0xc4, 0xad, 0x22, 0x07, 0x01, 0xb6,
	0x98, 0xf1, 0x47, 0x6b, 0x80, 0x39, 0xcd, 0xf6, 0x42, 0x4b, 0x80, 0x9d,
	0xc9, 0x58, 0x90, 0xa6, 0x00, 0xd3, 0x9a, 0xc9, 0x44, 0x3d, 0x80, 0xd1,
	0x92, 0x73, 0xb0, 0x01, 0x98, 0x30, 0x66, 0x09, 0xac, 0x01, 0xb2, 0x8a,
	0x78, 0xa3, 0x16, 0xc0, 0xf4, 0x21, 0xb6, 0x30, 0x01, 0x88, 0x19, 0x79,
	0x07, 0x23, 0x80, 0xbc, 0x26, 0xd7, 0xa1, 0x0f, 0xe0, 0x30, 0x36, 0x41,
	0x01, 0x90, 0x69, 0x64, 0x24, 0x24, 0x00, 0xdc, 0xe1, 0x0c, 0x11, 0x00,
	0x06, 0x0c, 0x28, 0x80, 0xf7, 0x01, 0x40, 0xb7, 0xd0, 0x83, 0x50, 0x03,
	0x18, 0x8e, 0x59, 0x28, 0x01, 0x68, 0x5d, 0xfa, 0x15, 0x8a, 0x01, 0x9a,
	0x47, 0x4d, 0x91, 0x0f, 0x08, 0x21, 0x34, 0x0d, 0x39, 0x00, 0x5d, 0x48,
	0xcf, 0x23, 0x03, 0x10, 0x3a, 0x0a, 0x7e, 0x78, 0x03, 0x08, 0x12, 0xda,
	0x07, 0xe9, 0x80, 0x10, 0x2b, 0xd8, 0x22, 0x01, 0x10, 0x36, 0x0b, 0xb9,
	0xf4, 0x21, 0xc0, 0xfb, 0xf0, 0x17, 0x10, 0x0b, 0xf0, 0x96, 0xc2, 0x32,
	0xc4, 0x02, 0xfc, 0x11, 0xde, 0x0e, 0xe7, 0x00, 0x75, 0xa2, 0x66, 0xaf,
	0x30, 0x15, 0x28, 0x4e, 0x2a, 0xfd, 0x86, 0x7f, 0x06, 0x4d, 0x59, 0x7c,
	0xb9, 0xb3, 0x30, 0xa9, 0x94, 0x2b, 0xb9, 0x5b, 0x36, 0x46, 0x78, 0x78,
	0x36, 0x27, 0x1f, 0x05, 0x7d, 0xf9, 0x69, 0xdf, 0x6d, 0xbf, 0x3e, 0x2b,
	0x6c, 0xdb, 0xa3, 0xa4, 0xdc, 0x25, 0x9f, 0x7a, 0x9d, 0x2a, 0xf1, 0x97,
	0x03, 0xc0, 0xf3, 0x80, 0xdb, 0x4c, 0x27, 0xc7, 0x26, 0x47, 0x69, 0x1d,
	0xfa, 0x44, 0xb3, 0x72, 0xb6, 0x9b, 0x6c, 0xb8, 0xa4, 0x2f, 0xf3, 0xa2,
	0xfb, 0xf7, 0xf2, 0x58, 0xf9, 0x72, 0xd6, 0xd3, 0x74, 0xb4, 0xfe, 0x09,
	0x5d, 0xb5, 0xe8, 0x26, 0xf1, 0xd2, 0xb3, 0xd2, 0xd9, 0x2c, 0x5e, 0x0d,
	0x88, 0xaf, 0x8b, 0x78, 0xd2, 0x04, 0xe0, 0xea, 0x70, 0xab, 0x31, 0x14,
	0xe0, 0x92, 0xd9, 0x7e, 0xe8, 0x07, 0x70, 0x07, 0xd8, 0x5a, 0xc4, 0x0b,
	0x60, 0xc7, 0xb0, 0x59, 0xe8, 0x08, 0xb0, 0xf5, 0xd9, 0x60, 0xb8, 0x01,
	0xec, 0x5b, 0xe6, 0x47, 0xb8, 0x01, 0xec, 0x29, 0xb6, 0x37, 0x71, 0x05,
	0x98, 0x05, 0x8c, 0x03, 0xda, 0x01, 0xec, 0x48, 0xc6, 0x00, 0xdf, 0x02,
	0xcc, 0x10, 0xc6, 0x96, 0xbc, 0x06, 0x98, 0x66, 0x0c, 0x21, 0x2c, 0xc0,
	0xa4, 0x31, 0x57, 0xc8, 0x53, 0x80, 0x31, 0x66, 0xc0, 0xec, 0x03, 0x88,
	0x2d, 0x51, 0xa3, 0x39, 0x40, 0x92, 0x70, 0x13, 0x36, 0x00, 0x29, 0x20,
	0x69, 0xe4, 0x38, 0x80, 0x8e, 0x68, 0x42, 0x83, 0x01, 0x88, 0x51, 0x86,
	0x7d, 0x00, 0x66, 0x60, 0x18, 0x4d, 0x00, 0xe8, 0x57, 0xd4, 0x8d, 0x66,
	0x01, 0x94, 0x50, 0x95, 0x70, 0x17, 0xa0, 0x22, 0xaa, 0x07, 0x4f, 0x80,
	0xca, 0x69, 0x3d, 0x7a, 0x11, 0xa0, 0xf9, 0xd4, 0x18, 0x99, 0x00, 0xbd,
	0x48, 0x33, 0x91, 0x03, 0x08, 0x8b, 0x68, 0x08, 0x32, 0x01, 0xa1, 0x8b,
	0xb0, 0x02, 0x69, 0x80, 0xa0, 0xa0, 0xfd, 0x90, 0x04, 0x08, 0xf7, 0x85,
	0xda, 0x48, 0x05, 0x84, 0x00, 0x21, 0x1f, 0xcf, 0x00, 0x7e, 0x30, 0x7f,
	0x99, 0xc6, 0x01, 0xbc, 0xb5, 0xb0, 0x02, 0x51, 0x00, 0xff, 0x8a, 0xef,
	0x87, 0xbb, 0x00, 0x7f, 0x80, 0xaf, 0x85, 0x9b, 0x80, 0x76, 0x0c, 0x9f,
	0x49, 0xcf, 0x02, 0x5a, 0x07, 0xfe, 0x2c, 0x4e, 0x03, 0xda, 0xad, 0xda,
	0x16, 0x58, 0x0c, 0x94, 0x79, 0x2b, 0x37, 0x0b, 0xba, 0xf0, 0x2a, 0x6e,
	0x5b, 0x0a, 0xe1, 0x9b, 0xf8, 0x3d, 0x59, 0xba, 0x39, 0x22, 0xf5, 0xc0,
	0x31, 0xf9, 0xa1, 0x24, 0xec, 0xc1, 0xc3, 0x16, 0xb1, 0x0d, 0x3e, 0xcd,
	0xf2, 0xff, 0xf9, 0x54, 0x30, 0x69, 0xb5, 0xbc, 0x79, 0x74, 0x83, 0x2e,
	0x63, 0x1d, 0x38, 0x0d, 0xb7, 0x10, 0xd3, 0x96, 0x0f, 0x96, 0x09, 0xd2,
	0xab, 0x54, 0xc7, 0xa2, 0xb5, 0x81, 0x9d, 0x5e, 0x80, 0x42, 0x05, 0x3b,
	0xc5, 0x20, 0xf9, 0x28, 0xae, 0x00, 0x41, 0xa2, 0x50, 0x6e, 0x2e, 0xe9,
	0x07, 0x88, 0x28, 0xe7, 0x8e, 0x95, 0x00, 0xe7, 0xc4, 0x1d, 0x67, 0x04,
	0x40, 0x74, 0x52, 0xa4, 0x60, 0x27, 0x03, 0x92, 0xb9, 0xe2, 0x33, 0xa2,
	0x73, 0x00, 0x93, 0xcb, 0xe6, 0xb3, 0x87, 0x01, 0xa1, 0x83, 0xc0, 0xd0,
	0xe5, 0x80, 0xa0, 0x8f, 0x2c, 0x98, 0x23, 0x84, 0xea, 0x08, 0xcd, 0xc9,
	0x45, 0xba, 0x4d, 0x9b, 0x28, 0x14, 0xc1, 0x9d, 0x07, 0x1d, 0xa6, 0x39,
	0x85, 0x05, 0xea, 0x83, 0xf4, 0x09, 0xad, 0x85, 0x32, 0x55, 0x91, 0x70,
	0x85, 0x2e, 0x43, 0x60, 0xd9, 0x33, 0x3a, 0x44, 0x33, 0x4a, 0x1d, 0xac,
	0x5e, 0xd6, 0x41, 0xaf, 0xde, 0x28, 0xe6, 0x84, 0xfd, 0x6d, 0x13, 0xc6,
	0xd0, 0x4f, 0x7f, 0x04, 0x70, 0x99, 0xc4, 0x7e, 0xff, 0xd6, 0x2e, 0x6e,
	0x62, 0xba, 0x6f, 0x09, 0x23, 0x2a, 0xb8, 0xd7, 0x11, 0x5d, 0x30, 0x1d,
	0x85, 0xf4, 0x06, 0xfd, 0x9a, 0xf6, 0xa5, 0x6f, 0x99, 0x24, 0xb7, 0x89,
	0x56, 0x2b, 0x8b, 0xde, 0x0c, 0x4c, 0x6f, 0x70, 0xbe, 0xb6, 0xa1, 0xd1,
	0x0e, 0xdd, 0xa7, 0xe2, 0x42, 0xc9, 0x0a, 0x5d, 0x07, 0x20, 0xd5, 0x3e,
	0xf7, 0xb2, 0x2a, 0x58, 0xb3, 0xe9, 0xb6, 0x65, 0xd2, 0x72, 0xf5, 0xe4,
	0x07, 0xbb, 0x45, 0x45, 0x22, 0x37, 0xac, 0x36, 0x99, 0xc0, 0x39, 0xb2,
	0x66, 0xa8, 0x6f, 0x10, 0x20, 0x3b, 0xc4, 0xf6, 0xd5, 0xf0, 0x7a, 0x22,
	0x59, 0x7b, 0x29, 0xc7, 0x4e, 0x64, 0x9f, 0x62, 0x1e, 0xb3, 0x8c, 0xa6,
	0x03, 0x6c, 0x2a, 0xf3, 0x48, 0xd8, 0x08, 0x20, 0x4f, 0x08, 0xc6, 0x1e,
	0x00, 0x1a, 0xe2, 0x00, 0x01, 0x80, 0x40, 0xde, 0x41, 0x0d, 0x50, 0xca,
	0x5c, 0x24, 0xf5, 0x00, 0xca, 0xe1, 0x0a, 0x8d, 0x06, 0xa8, 0x94, 0xea,
	0x21, 0x17, 0xa0, 0x32, 0x6a, 0x8b, 0xb7, 0x00, 0xa3, 0x43, 0xb3, 0x49,
	0x13, 0x80, 0xd1, 0xa7, 0x61, 0xf4, 0x34, 0xc0, 0x8c, 0x62, 0x3a, 0x60,
	0x00, 0x20, 0x3d, 0x26, 0x0e, 0x67, 0x76, 0xe2, 0x2c, 0x37, 0x9c, 0xf5,
	0x26, 0xbe, 0x4e, 0x50, 0x04, 0xc8, 0x75, 0x75, 0x77, 0xc7, 0x78, 0x1a,
	0xbe, 0xf4, 0x4a, 0x6e, 0x33, 0x64, 0xde, 0xe4, 0x53, 0xf5, 0xce, 0x16,
	0x44, 0x1e, 0x5e, 0xbd, 0xed, 0x63, 0x03, 0xe0, 0x83, 0x1d, 0xc0, 0xfd,
	0x52, 0xcb, 0x83, 0x8d, 0xcf, 0xc3, 0x40, 0xb3, 0x47, 0xeb, 0xac, 0x5d,
	0xf5, 0xbd, 0x94, 0xbd, 0xc8, 0xee, 0x66, 0xa2, 0x97, 0x86, 0xe9, 0x58,
	0x2b, 0xc4, 0xe2, 0xf6, 0x7a, 0x75, 0x0d, 0xf5, 0x0c, 0xce, 0xcb, 0xef,
	0x03, 0x8a, 0x71, 0xf2, 0x28, 0xc9, 0x72, 0x80, 0xeb, 0xcb, 0xb1, 0xec,
	0xf7, 0x00, 0x1b, 0xc6, 0xce, 0x42, 0x06, 0x76, 0x31, 0x57, 0xc9, 0x72,
	0x32, 0x4e, 0x13, 0x45, 0x9e, 0x93, 0x87, 0x24, 0xb8, 0xe8, 0x16, 0x15,
	0x53, 0x57, 0xd8, 0xa6, 0x9b, 0xa9, 0x4f, 0x68, 0x54, 0xda, 0xe3, 0x2f,
	0xd6, 0x97, 0x5d, 0x2b, 0x6f, 0xab, 0x22, 0x4f, 0x6f, 0xe5, 0x1b, 0xbf,
	0x1b, 0x51, 0xde, 0x2e, 0x22, 0xaa, 0xec, 0x55, 0x79, 0x8e, 0x76, 0x64,
	0x58, 0x79, 0xc4, 0xf8, 0xa8, 0x0d, 0xf1, 0x3f, 0xab, 0x3f, 0x78, 0x6e,
	0xaf, 0x0e, 0x47, 0x56, 0xcd, 0x91, 0x99, 0x1c, 0xf6, 0x17, 0x75, 0xcc,
	0x75, 0xcd, 0x6f, 0xb4, 0x65, 0x9e, 0x5a, 0xff, 0x84, 0x71, 0x93, 0x5a,
	0xed, 0x81, 0x2d, 0x7e, 0xfb, 0xb7, 0x9f, 0x88, 0x74, 0x7e, 0x34, 0x7b,
	0xe4, 0xfe, 0xae, 0x9a, 0x5b, 0x0f, 0x9b, 0x55, 0xe5, 0xbb, 0xb6, 0xd8,
	0xff, 0xa2, 0x63, 0xf2, 0xeb, 0xa2, 0x66, 0x05, 0x0d, 0xda, 0xd5, 0x7a,
	0x5a, 0x5b, 0x57, 0xe7, 0x8c, 0xde, 0x54, 0x43, 0x63, 0xe0, 0x75, 0xf7,
	0xcc, 0x13, 0x4a, 0xf7, 0xc2, 0x65, 0x8d, 0x76, 0x0c, 0x2b, 0xbe, 0x28,
	0x18, 0x2c, 0xaa, 0xca, 0xb7, 0xee, 0xf2, 0xc8, 0x6f, 0x98, 0xb7, 0xad,
	0xee, 0x0e, 0x1d, 0xdb, 0x73, 0xbf, 0x07, 0xa2, 0x5d, 0x35, 0x4d, 0xd8,
	0x39, 0x86, 0x49, 0xc0, 0xa1, 0x7e, 0xe1, 0x97, 0xd2, 0xd7, 0xe6, 0xab,
	0x4a, 0xa7, 0x52, 0x47, 0x76, 0x81, 0xa1, 0xb3, 0x7e, 0xa4, 0x5e, 0x1c,
	0xdb, 0x9c, 0x3c, 0x63, 0xfa, 0x90, 0xce, 0x4c, 0x3f, 0x80, 0x1f, 0x2a,
	0x84, 0x22, 0x01, 0xe0, 0xeb, 0xf0, 0x6b, 0x68, 0x34, 0xc0, 0xa7, 0xf1,
	0x03, 0x10, 0x0e, 0xf0, 0x07, 0x05, 0x7b, 0xdc, 0x06, 0xb4, 0xbe, 0x7c,
	0x0e, 0x42, 0x01, 0x6d, 0x03, 0xed, 0x05, 0x7a, 0x12, 0xd0, 0x66, 0xf3,
	0x8b, 0x71, 0x1c, 0xd0, 0x1e, 0xd3, 0xf6, 0xc0, 0x7e, 0x40, 0x33, 0x45,
	0x6b, 0x42, 0xd7, 0x00, 0x9a, 0xa6, 0xda, 0x64, 0x6c, 0x02, 0xd8, 0x97,
	0xa2, 0x5d, 0xba, 0xae, 0xd8, 0x92, 0xb2, 0xf4, 0xcd, 0xfa, 0xe2, 0x51,
	0xed, 0xee, 0x87, 0x44, 0x5d, 0x19, 0x1b, 0x55, 0x3b, 0x3c, 0xf0, 0xff,
	0xbe, 0xf4, 0x15, 0xf8, 0x75, 0x07, 0x70, 0x53, 0xb9, 0xd6, 0x6b, 0x74,
	0xc1, 0xe7, 0x8e, 0xa4, 0xa3, 0xa4, 0x96, 0xc4, 0x6d, 0x77, 0x77, 0xc3,
	0x6c, 0xf9, 0x51, 0xc3, 0x7b, 0xfa, 0xb6, 0xe2, 0xfb, 0xe2, 0x76, 0xdc,
	0x01, 0xbe, 0x39, 0x37, 0x92, 0x05, 0x69, 0x9c, 0x7f, 0x1e, 0x87, 0xc8,
	0x46, 0x9a, 0x9a, 0x7a, 0x26, 0x5f, 0x51, 0x90, 0xa3, 0x6c, 0xf8, 0xc0,
	0x5d, 0x15, 0xa6, 0x7a, 0xad, 0xfe, 0xe9, 0xe8, 0xc8, 0x2b, 0x3e, 0x37,
	0xb6, 0xdf, 0x33, 0xbe, 0xac, 0x04, 0xb0, 0xfd, 0x03, 0x2d, 0xc9, 0x48,
	0x84, 0x01, 0x80, 0x56, 0x68, 0xf3, 0x6f, 0xbd, 0xf3, 0x7f, 0xfd, 0xeb,
	0xe7, 0xff, 0xbb, 0xe1, 0x7a, 0x27, 0x14, 0xab, 0x14, 0xa6, 0xed, 0xdf,
	0x8a, 0x26, 0x70, 0xf7, 0xc8, 0x30, 0xa0, 0x64, 0x7f, 0xb9, 0x9e, 0xa6,
	0x01, 0x90, 0x51, 0xf2, 0x36, 0x53, 0xe3, 0xff, 0xd4, 0xa4, 0x3a, 0x3e,
	0xe6, 0xad, 0x3c, 0x4d, 0x1e, 0x20, 0xaa, 0x4b, 0xd2, 0xf4, 0x1b, 0xeb,
	0x66, 0x20, 0x0b, 0x1b, 0x74, 0x9e, 0xeb, 0xbc, 0x00, 0x18, 0x9b, 0x22,
	0x05, 0xb9, 0xc4, 0x3e, 0xc0, 0x0e, 0x04, 0xa0, 0xeb, 0x87, 0x7c, 0xe9,
	0x9a, 0xb7, 0x3d, 0x05, 0xf3, 0x47, 0xb6, 0x25, 0x4d, 0xcb, 0x7b, 0xa8,
	0xc7, 0x00, 0xd6, 0xfb, 0x2d, 0x33, 0x70, 0x14, 0x68, 0x1b, 0x50, 0x27,
	0x89, 0xeb, 0xfa, 0x52, 0x7f, 0xc1, 0xcb, 0xa3, 0x5d, 0xca, 0x14, 0xc3,
	0xb3, 0x6a, 0xdf, 0xb3, 0x36, 0x47, 0xc9, 0xed, 0x53, 0x8d, 0xee, 0xd5,
	0x6d, 0xa0, 0x13, 0x63, 0xd6, 0x9f, 0xb3, 0x66, 0x0d, 0x99, 0xfa, 0x00,
	0x75, 0x20, 0x03, 0x88, 0x0d, 0x40, 0x33, 0x98, 0x81, 0x34, 0x02, 0x10,
	0x8e, 0xd0, 0x21, 0x48, 0x06, 0x98, 0xc9, 0x24, 0x0f, 0x76, 0x00, 0xd3,
	0x88, 0x19, 0x46, 0x1c, 0x00, 0x26, 0x47, 0xf0, 0xa3, 0xc7, 0x00, 0x72,
	0x92, 0xf4, 0x44, 0x1d, 0x80, 0xf9, 0x96, 0x98, 0xa2, 0x21, 0xc0, 0x34,
	0x21, 0x89, 0xb0, 0x01, 0x34, 0xd3, 0xd5, 0xfb, 0x4b, 0x26, 0xe3, 0x5b,
	0xbb, 0x71, 0xb6, 0xa3, 0x2c, 0xbf, 0x5e, 0x71, 0x1f, 0x51, 0x18, 0x0b,
	0xb4, 0xfb, 0xeb, 0x01, 0xe0, 0xe9, 0xef, 0x36, 0xc5, 0x69, 0x12, 0x06,
	0x30, 0xe1, 0x8c, 0x37, 0x53, 0xd4, 0xf7, 0x10, 0xa7, 0xe0, 0x46, 0x33,
	0xaf, 0x17, 0x33, 0x45, 0xf3, 0x8b, 0xec, 0x0a, 0xfb, 0x6d, 0x66, 0x22,
	0xea, 0x46, 0x2d, 0x8f, 0x1f, 0x4c, 0x4b, 0xde, 0xd3, 0x77, 0x80, 0xfd,
	0xaf, 0xbc, 0x0e, 0x00, 0x36, 0xfd, 0x55, 0xc5, 0x1f, 0x0b, 0xc9, 0x40,
	0x71, 0x7d, 0x91, 0xd8, 0xb2, 0x13, 0xe7, 0xca, 0xda, 0x10, 0x07, 0xdc,
	0x7f, 0xa7, 0x2a, 0x5b, 0xa1, 0xba, 0xc3, 0x9b, 0x6c, 0xec, 0x70, 0xa9,
	0x07, 0xa0, 0xc9, 0xab, 0x8e, 0x8f, 0x79, 0x29, 0xb3, 0x97, 0xf6, 0x65,
	0x13, 0x70, 0x46, 0x31, 0x43, 0x3e, 0x15, 0x20, 0x06, 0x8a, 0x1c, 0x99,
	0x06, 0x60, 0x4d, 0xe4, 0x29, 0xc2, 0x37, 0xcc, 0x9a, 0xf7, 0x64, 0xa7,
	0xab, 0xf2, 0x6d, 0xec, 0x75, 0x69, 0x24, 0xa0, 0xb4, 0x18, 0x11, 0xd4,
	0x67, 0x8f, 0x4a, 0xca, 0x8f, 0xc3, 0x65, 0xe1, 0x8a, 0xda, 0x8f, 0xdd,
	0x25, 0x5b, 0x2d, 0x09, 0x90, 0x5c, 0xb7, 0xf0, 0x0e, 0xf3, 0x8b, 0xec,
	0x1a, 0xdd, 0xf0, 0x95, 0xa1, 0xc2, 0xaf, 0xf3, 0xfc, 0xa6, 0x2b, 0xc6,
	0xdf, 0xcf, 0x93, 0xbe, 0x4b, 0x52, 0x5e, 0x08, 0x86, 0x45, 0x3f, 0xd3,
	0x7a, 0xf2, 0x65, 0x00, 0xa9, 0xcb, 0x38, 0xc2, 0x0a, 0x20, 0x59, 0x74,
	0x30, 0xac, 0x00, 0x66, 0x30, 0xa9, 0x0b, 0x73, 0x40, 0xf8, 0x96, 0xe4,
	0xc3, 0x1c, 0x20, 0x4d, 0x48, 0x0a, 0x6c, 0x00, 0x92, 0x47, 0x9c, 0x50,
	0x0b, 0x60, 0x46, 0x31, 0x4d, 0x61, 0x07, 0x90, 0xef, 0x18, 0x33, 0xe2,
	0x08, 0x90, 0x26, 0x4c, 0x12, 0x5d, 0x0e, 0x90, 0xb3, 0xc2, 0x6a, 0x74,
	0x02, 0xc4, 0x46, 0x12, 0x23, 0x71, 0xb2, 0x62, 0xfc, 0xc7, 0xfa, 0x91,
	0x8b, 0x98, 0x1f, 0xb5, 0x35, 0x7e, 0x3b, 0x4e, 0x00, 0xd8, 0x8a, 0xed,
	0x43, 0xff, 0x35, 0x72, 0x15, 0xaf, 0x01, 0x44, 0x7d, 0xac, 0x82, 0xbf,
	0x0b, 0xd2, 0x78, 0x49, 0x80, 0xc8, 0xd5, 0x70, 0x07, 0x3b, 0x8d, 0xcd,
	0x27, 0x7b, 0x00, 0x8d, 0x83, 0x66, 0x8d, 0x56, 0x47, 0x5d, 0x99, 0xca,
	0x95, 0x57, 0xc7, 0x47, 0x96, 0x49, 0x67, 0x4a, 0xd6, 0xb2, 0x02, 0x99,
	0x27, 0xeb, 0x2f, 0x59, 0x0b, 0xc0, 0x45, 0x36, 0x4f, 0xec, 0x09, 0x90,
	0x58, 0xa9, 0x8e, 0xe6, 0x09, 0x93, 0x05, 0x02, 0xa0, 0x45, 0xf5, 0x7a,
	0xd5, 0x2d, 0x69, 0x67, 0xfc, 0xa8, 0x5e, 0x82, 0xf9, 0x42, 0x81, 0xda,
	0x50, 0x06, 0x19, 0x91, 0x42, 0xb2, 0xc6, 0x70, 0xe6, 0xfb, 0xe1, 0x63,
	0x3a, 0x5d, 0xe4, 0x36, 0xfc, 0xb7, 0x4b, 0xc3, 0x74, 0x57, 0x28, 0x0c,
	0x24, 0xe1, 0x70, 0x26, 0x0d, 0x48, 0x21, 0xf4, 0x01, 0x62, 0x43, 0x4a,
	0x60, 0x08, 0x10, 0x31, 0x29, 0x25, 0x66, 0x00, 0xb1, 0x23, 0xa5, 0x34,
	0x14, 0x20, 0xb5, 0x89, 0x12, 0xc6, 0x00, 0x71, 0x20, 0x2a, 0x58, 0x01,
	0xc4, 0x80, 0xa8, 0x60, 0x01, 0x90, 0x7a, 0x44, 0x03, 0x2b, 0x80, 0xd4,
	0x27, 0x5a, 0xd8, 0x02, 0x4c, 0x23, 0x42, 0x61, 0x0b, 0xe8, 0xdf, 0x37,
	0x68, 0x66, 0xe2, 0x0f, 0x64, 0xb7, 0xc9, 0x1b, 0x53, 0xd2, 0x66, 0x55,
	0x33, 0x00, 0x1b, 0x61, 0x8c, 0xb8, 0xbf, 0xea, 0xc7, 0xff, 0xda, 0x4c,
	0xa0, 0x2c, 0x5e, 0xf2, 0xad, 0x78, 0xa7, 0xc2, 0x8a, 0x99, 0xcb, 0x3c,
	0x66, 0x4b, 0x01, 0xf5, 0x7d, 0xfe, 0x98, 0x30, 0x4d, 0xf5, 0x87, 0x7c,
	0xcc, 0x79, 0xf1, 0xb7, 0xa2, 0xe9, 0xdc, 0x00, 0x8c, 0x90, 0x9c, 0x10,
	0xaf, 0x04, 0x60, 0x25, 0x6e, 0x2b, 0xca, 0x07, 0xd8, 0xb6, 0x12, 0x03,
	0x71, 0x06, 0xa3, 0xf8, 0x23, 0x7e, 0xad, 0x1b, 0x33, 0x8f, 0x9d, 0xae,
	0x7a, 0x2c, 0x5c, 0x47, 0x1a, 0xb1, 0x06, 0x64, 0xd7, 0x64, 0x67, 0x24,
	0xa3, 0x75, 0xd6, 0x0d, 0xa9, 0xdf, 0x77, 0xa6, 0x93, 0xcf, 0x45, 0x23,
	0xdb, 0x01, 0x56, 0xd3, 0x45, 0xab, 0x9d, 0x7d, 0xf5, 0x37, 0xe8, 0x25,
	0x8a, 0x53, 0x01, 0x92, 0x4c, 0x6e, 0x41, 0x1f, 0x20, 0xa9, 0xb8, 0x05,
	0x05, 0x40, 0xde, 0x90, 0x70, 0x18, 0x02, 0x24, 0x83, 0xdc, 0x86, 0x31,
	0x40, 0x32, 0x48, 0x24, 0x0c, 0x01, 0x92, 0x49, 0xa2, 0x60, 0x04, 0x90,
	0x1c, 0x12, 0x05, 0x53, 0x80, 0x64, 0x23, 0x1a, 0xc6, 0x00, 0x31, 0x23,
	0x4a, 0xf4, 0x03, 0x74, 0x14, 0xba, 0x26, 0x46, 0x72, 0xf0, 0xe5, 0xe3,
	0x55, 0x0b, 0xd8, 0xe7, 0x17, 0x67, 0xee, 0x2f, 0x3e, 0xbc, 0x31, 0xc4,
	0xf8, 0xc4, 0x5f, 0xde, 0xfa, 0x2b, 0xf1, 0x5f, 0x57, 0x10, 0x52, 0x51,
	0xb9, 0x23, 0xc9, 0x54, 0xf4, 0x92, 0x19, 0x49, 0x1e, 0x70, 0x16, 0x58,
	0x48, 0x56, 0x88, 0xde, 0x00, 0xda, 0xce, 0x38, 0x4f, 0x6d, 0x95, 0x3a,
	0x00, 0x80, 0xd4, 0xea, 0xf9, 0xc9, 0x54, 0x51, 0x26, 0xe7, 0xc4, 0xfc,
	0x44, 0x9a, 0x72, 0xc7, 0xb8, 0x67, 0x00, 0x3a, 0x72, 0x0c, 0xd7, 0x0d,
	0x60, 0xd2, 0x44, 0xad, 0x45, 0x62, 0x66, 0x31, 0x80, 0xdf, 0xbd, 0xb3,
	0xee, 0x78, 0xd0, 0xf3, 0x6e, 0x53, 0x27, 0x87, 0x92, 0xf2, 0x35, 0x7c,
	0x3f, 0x72, 0x8d, 0xb9, 0xce, 0x1f, 0x16, 0xb5, 0x10, 0x2d, 0x00, 0x74,
	0xbf, 0x56, 0x64, 0xcb, 0xd6, 0xb2, 0xc7, 0x1a, 0x6d, 0x71, 0xdc, 0x2e,
	0x9e, 0xdb, 0x1d, 0x06, 0x2d, 0xf4, 0xd7, 0x49, 0x3d, 0x01, 0xe1, 0x0c,
	0x95, 0x21, 0x09, 0xc0, 0x31, 0xdc, 0x41, 0x16, 0x40, 0x1a, 0x92, 0xcd,
	0x50, 0x00, 0x24, 0xe7, 0x7d, 0x42, 0x2a, 0x08, 0x0d, 0xa0, 0x0b, 0x90,
	0xef, 0x51, 0x0c, 0x1d, 0x80, 0xa4, 0x20, 0x14, 0xfa, 0x00, 0xe3, 0xc3,
	0xc8, 0x59, 0x77, 0x40, 0x3a, 0x4f, 0x1e, 0xa0, 0xb3, 0x1b, 0xa5, 0x78,
	0xa0, 0x5e, 0x29, 0x4e, 0x2d, 0x9c, 0x9a, 0x19, 0x9d, 0x3d, 0xa0, 0xfc,
	0xa8, 0x7f, 0xab, 0xfd, 0x0d, 0x8e, 0xe8, 0x5c, 0x38, 0xb8, 0x7a, 0xc3,
	0xa7, 0xf2, 0xe7, 0x7f, 0x5d, 0x00, 0xe8, 0x9f, 0xd2, 0x19, 0x01, 0xd4,
	0x89, 0x91, 0xbd, 0x92, 0x11, 0xb1, 0x0a, 0xbd, 0x21, 0x22, 0x6f, 0x39,
	0x43, 0x40, 0x33, 0x5e, 0x90, 0xab, 0x4e, 0x95, 0xca, 0x30, 0x15, 0x57,
	0xe0, 0x8a, 0xd2, 0xea, 0xf8, 0x99, 0xcb, 0x5c, 0x53, 0x6e, 0x3c, 0xfb,
	0x08, 0x5d, 0xd8, 0x42, 0x66, 0x24, 0x1a, 0x02, 0xec, 0x5e, 0x26, 0x10,
	0x20, 0x3f, 0x73, 0x4b, 0xd9, 0x28, 0x36, 0x69, 0xe2, 0xcd, 0xe1, 0x1e,
	0x2e, 0xf2, 0xd3, 0x0a, 0x7e, 0x06, 0x3f, 0x41, 0x9b, 0xe3, 0xd1, 0x57,
	0x41, 0xe4, 0xdb, 0x19, 0xc6, 0xf0, 0x27, 0x53, 0xc6, 0xa8, 0x40, 0x1c,
	0x23, 0x52, 0xa8, 0x97, 0x0b, 0x7d, 0x84, 0x6f, 0xe0, 0x45, 0x5b, 0xb2,
	0x72, 0xce, 0x0d, 0x50, 0xb8, 0xca, 0x02, 0x25, 0x3f, 0x03, 0x86, 0x4f,
	0x74, 0x2c, 0x48, 0x02, 0x80, 0xd3, 0x64, 0x02, 0x74, 0x01, 0x72, 0x88,
	0x8e, 0x84, 0x04, 0x20, 0x89, 0x64, 0x02, 0x8c, 0x00, 0x92, 0x48, 0xc4,
	0x24, 0x16, 0x60, 0xbb, 0x70, 0x0b, 0x38, 0x1e, 0x60, 0xde, 0x71, 0x5b,
	0xc4, 0xd6, 0x40, 0xd9, 0xd7, 0xca, 0xb5, 0xa4, 0x09, 0x0d, 0xd7, 0x36,
	0xd4, 0xee, 0x63, 0xa7, 0xe5, 0xc6, 0x97, 0x5f, 0x50, 0xdf, 0x62, 0x82,
	0x2f, 0xd6, 0xca, 0xb9, 0x97, 0xd9, 0x4f, 0xe5, 0xb1, 0xe4, 0x97, 0x5f,
	0xee, 0x1c, 0xeb, 0x7e, 0xb6, 0xf4, 0xf5, 0x49, 0x00, 0xa3, 0x01, 0x7c,
	0xf0, 0xae, 0xe2, 0x63, 0xf1, 0x5f, 0x17, 0x00, 0xb5, 0xba, 0x5b, 0x3c,
	0xd1, 0x59, 0xed, 0x32, 0x87, 0x31, 0x26, 0x81, 0x64, 0x37, 0x7a, 0x93,
	0x06, 0x6c, 0x20, 0x67, 0x06, 0x94, 0xec, 0x54, 0xa6, 0x97, 0xd6, 0x22,
	0x4e, 0xc3, 0x3b, 0xf8, 0xb8, 0x35, 0xbd, 0xba, 0xbb, 0x1b, 0xe3, 0xcb,
	0x24, 0x50, 0x2f, 0x97, 0xbb, 0xb2, 0xc3, 0x92, 0xc3, 0xcc, 0x3d, 0x99,
	0xbd, 0xa2, 0xbb, 0xdc, 0x56, 0x14, 0xce, 0xeb, 0xd1, 0x73, 0xa4, 0x2b,
	0xe9, 0xa8, 0xe8, 0x0d, 0x2f, 0xa6, 0x03, 0x79, 0x09, 0xe0, 0x1a, 0xf1,
	0x24, 0x3f, 0x03, 0xec, 0x3c, 0xae, 0x94, 0xeb, 0x45, 0xe2, 0x5d, 0xdb,
	0x37, 0xb5, 0x90, 0xdd, 0xef, 0x0b, 0xe6, 0x32, 0x73, 0x96, 0x69, 0x08,
	0x90, 0x9f, 0x70, 0x89, 0x88, 0x00, 0x92, 0xc7, 0x74, 0x66, 0x5d, 0x01,
	0x7e, 0x26, 0x3d, 0x5f, 0xba, 0x11, 0x10, 0xfa, 0x32, 0xde, 0x0c, 0x03,
	0x20, 0x11, 0x0b, 0x19, 0x3f, 0x40, 0xf3, 0xa2, 0x2c, 0x9d, 0x19, 0x50,
	0x36, 0x5e, 0x7b, 0x52, 0x3a, 0x59, 0x11, 0x2e, 0x2a, 0xd0, 0x34, 0xd0,
	0x3e, 0x40, 0xef, 0x72, 0xa5, 0x3a, 0x51, 0xd3, 0x92, 0xe8, 0xbe, 0x4b,
	0x51, 0xe9, 0xa9, 0x4b, 0xf1, 0x3c, 0xe3, 0x6d, 0x71, 0xbf, 0x52, 0x96,
	0x3f, 0xf3, 0x78, 0x44, 0xea, 0xb3, 0x34, 0xa1, 0x60, 0xf9, 0xd9, 0xb8,
	0x3c, 0xf3, 0x77, 0x49, 0xe5, 0x21, 0x21, 0xb7, 0x22, 0x46, 0x46, 0xc9,
	0xe2, 0x0b, 0xa9, 0x00, 0x00, 0xe8, 0xf0, 0xf9, 0xfc, 0x59, 0x63, 0x01,
	0xe0, 0xb9, 0xc6, 0x6d, 0x90, 0xd3, 0x24, 0xd2, 0x45, 0xda, 0x41, 0xa2,
	0xc2, 0x0e, 0x2f, 0x1d, 0xf9, 0x59, 0xa9, 0x54, 0xe8, 0xd5, 0x8f, 0x95,
	0xde, 0x14, 0xef, 0xc3, 0x9c, 0x06, 0x31, 0x72, 0x89, 0xec, 0x1a, 0x63,
	0x68, 0xe9, 0x26, 0x63, 0xa5, 0x49, 0x4c, 0x8e, 0x41, 0x5f, 0xc9, 0x5b,
	0xb1, 0x94, 0x99, 0x26, 0xfd, 0x29, 0xd3, 0x43, 0xd8, 0x59, 0xde, 0x5e,
	0x6b, 0x43, 0xa2, 0x49, 0x04, 0xe2, 0x00, 0xe8, 0x90, 0xde, 0xe4, 0x1e,
	0xa0, 0xbd, 0x44, 0x41, 0x07, 0xd5, 0xb9, 0xe3, 0xf9, 0xb8, 0x65, 0x4b,
	0x9d, 0x6e, 0x75, 0xc0, 0x35, 0xe0, 0xc6, 0x91, 0x7c, 0x80, 0x99, 0xce,
	0x04, 0x33, 0x4e, 0x00, 0xe3, 0xcf, 0xec, 0x61, 0xea, 0x03, 0x64, 0x3e,
	0x09, 0x22, 0x3c, 0x00, 0x53, 0xb4, 0x24, 0x7e, 0x00, 0x6e, 0x42, 0x89,
	0x39, 0x00, 0x94, 0xa4, 0x23, 0xea, 0x21, 0x26, 0x23, 0x31, 0xa7, 0x8e,
	0xb4, 0xe1, 0x6b, 0x88, 0x9f, 0x88, 0x13, 0x44, 0x1d, 0x09, 0xa7, 0x3a,
	0xa6, 0xbe, 0x85, 0x33, 0xd9, 0x8f, 0x8a, 0x44, 0xc5, 0xe7, 0x55, 0x43,
	0xef, 0xbd, 0xeb, 0xe0, 0x52, 0xff, 0x12, 0x7f, 0xa7, 0x0b, 0x45, 0x13,
	0xdc, 0xc4, 0x12, 0xc7, 0xe9, 0xb0, 0x64, 0x9a, 0x91, 0x52, 0xc0, 0x72,
	0x2c, 0x5b, 0x9a, 0xfb, 0x7c, 0x8a, 0xe3, 0xc0, 0x84, 0xa5, 0xe9, 0x77,
	0xbb, 0xee, 0x9b, 0xf7, 0xeb, 0x44, 0x1f, 0xe3, 0xd5, 0x6f, 0x26, 0x5e,
	0x51, 0xa3, 0xb4, 0x0e, 0xc0, 0x99, 0xcf, 0xe5, 0xeb, 0xff, 0x84, 0xbf,
	0x3d, 0x00, 0xda, 0x8d, 0x76, 0x9f, 0xd5, 0x20, 0xd7, 0xbe, 0x48, 0xae,
	0x23, 0x5d, 0x8e, 0xb2, 0x15, 0xe9, 0x86, 0xbf, 0xe8, 0x6f, 0x13, 0x7d,
	0xdd, 0xf5, 0xa2, 0x8e, 0x97, 0xc2, 0x85, 0x7d, 0x6c, 0xf4, 0x9d, 0xfe,
	0x39, 0xdd, 0x17, 0x6c, 0x2f, 0xc2, 0xea, 0x5f, 0xd0, 0xd5, 0x88, 0xe2,
	0x01, 0x59, 0x7b, 0x69, 0x38, 0xd3, 0x18, 0xe0, 0xa2, 0xb8, 0xde, 0x64,
	0x23, 0xc0, 0x1c, 0x65, 0xba, 0xa2, 0x19, 0xc0, 0x7a, 0x33, 0x6a, 0xec,
	0xc7, 0x20, 0x5a, 0x57, 0x5d, 0xcc, 0xf8, 0x89, 0x80, 0x1f, 0xf1, 0x0a,
	0x4a, 0x00, 0x29, 0x74, 0x13, 0x7f, 0x02, 0x90, 0xba, 0x8b, 0x5f, 0x89,
	0x5a, 0x01, 0xda, 0x74, 0xea, 0x26, 0xee, 0x80, 0x87, 0x4a, 0x37, 0xe5,
	0x3e, 0xf6, 0xb2, 0xe6, 0x72, 0x59, 0x93, 0xf2, 0x39, 0xf4, 0x75, 0x6e,
	0xdd, 0xdc, 0x63, 0xf9, 0x1d, 0x8b, 0x23, 0xc3, 0xc6, 0x3a, 0xba, 0xd9,
	0x5f, 0xa1, 0x0e, 0xde, 0x3e, 0x08, 0xc5, 0x73, 0x7a, 0x53, 0xb2, 0x13,
	0x1c, 0x6c, 0xf1, 0x0c, 0x10, 0x06, 0xf3, 0xeb, 0x84, 0xe7, 0xbc, 0xe9,
	0xa2, 0xc5, 0x6b, 0xfa, 0x86, 0x26, 0xd5, 0xa9, 0x78, 0xd8, 0x4d, 0x02,
	0xe0, 0x80, 0x3e, 0xbf, 0x4e, 0x66, 0x08, 0xd0, 0xc3, 0xfe, 0x67, 0x95,
	0xeb, 0x9e, 0xd7, 0xee, 0xa4, 0x35, 0xb1, 0xc6, 0x2e, 0x4c, 0xc7, 0x3b,
	0x1a, 0x47, 0x06, 0x00, 0x59, 0xe3, 0x73, 0x1a, 0xbc, 0x9d, 0xf2, 0xc4,
	0x04, 0x73, 0xfe, 0x6e, 0x8f, 0x7e, 0x5a, 0x7c, 0xf2, 0x00, 0xe8, 0xcc,
	0xb5, 0x0d, 0x6c, 0xf4, 0xf8, 0x87, 0xc3, 0x8a, 0xc7, 0x72, 0x4b, 0xe2,
	0x3b, 0x27, 0xc7, 0xf4, 0x82, 0x91, 0xbb, 0xb8, 0x99, 0x1e, 0x67, 0xfa,
	0xc4, 0x78, 0x99, 0xe4, 0x08, 0x1a, 0x48, 0x8c, 0xc4, 0xe9, 0x8c, 0x13,
	0x1a, 0xb0, 0xf6, 0xac, 0x0d, 0xba, 0x00, 0x1c, 0xcb, 0x3a, 0xa2, 0x0b,
	0xc0, 0x06, 0xb3, 0x09, 0xa4, 0x3d, 0x00, 0x0b, 0xb2, 0x14, 0xa3, 0x01,
	0x9a, 0x40, 0x4f, 0xa2, 0x09, 0x80, 0x00, 0xea, 0x09, 0x35, 0x40, 0x0f,
	0x51, 0x5d, 0x88, 0x01, 0xf1, 0x25, 0xc5, 0x0c, 0xc3, 0x25, 0x80, 0x32,
	0x55, 0x65, 0x55, 0x72, 0x0c, 0xa0, 0x91, 0x3c, 0xab, 0xbd, 0x05, 0x88,
	0x3b, 0x32, 0x01, 0x64, 0x7a, 0x01, 0x39, 0x1e, 0x71, 0xde, 0x21, 0xf3,
	0x79, 0xf3, 0xdc, 0x5b, 0x67, 0x6f, 0x27, 0x3e, 0x5a, 0xfa, 0x7a, 0x2e,
	0x62, 0x51, 0x91, 0xd5, 0x73, 0x00, 0x60, 0x06, 0xf4, 0xeb, 0xd2, 0x75,
	0x67, 0xf7, 0x27, 0x05, 0x53, 0x70, 0x8f, 0x36, 0xa2, 0x11, 0x12, 0x00,
	0x74, 0x2e, 0x1d, 0x04, 0x08, 0x37, 0xb5, 0x33, 0xf8, 0x6f, 0xe9, 0xcc,
	0xea, 0x67, 0x56, 0x01, 0x51, 0x09, 0x17, 0xc8, 0xce, 0xd3, 0xe9, 0xc2,
	0xf6, 0xa4, 0x75, 0x85, 0x48, 0x40, 0x7d, 0x4d, 0xb3, 0x5a, 0xfb, 0x13,
	0x90, 0xdc, 0xe8, 0xcd, 0xcf, 0xa5, 0x09, 0x89, 0xdf, 0x00, 0x18, 0x09,
	0x60, 0xdc, 0xa7, 0xf6, 0xeb, 0xdf, 0x85, 0x4f, 0x16, 0x00, 0x1d, 0xf3,
	0x3c, 0x97, 0x37, 0x14, 0x5f, 0x1a, 0x6a, 0x5e, 0x6e, 0x9a, 0x29, 0xee,
	0xd9, 0x6d, 0xa0, 0xf9, 0x10, 0x93, 0x17, 0xb2, 0x32, 0x30, 0xa2, 0xc7,
	0x5c, 0x16, 0x96, 0x03, 0x4c, 0x7f, 0xe6, 0x19, 0x5a, 0x02, 0x74, 0x10,
	0x5d, 0x8c, 0x32, 0x00, 0x03, 0xd0, 0x1d, 0xc5, 0x00, 0xdd, 0x06, 0x43,
	0x14, 0x01, 0xf8, 0x06, 0x89, 0x28, 0x06, 0x60, 0x45, 0x8f, 0xa0, 0x0c,
	0xc0, 0x2b, 0xcc, 0x40, 0x29, 0x40, 0x0f, 0xa1, 0x2b, 0x38, 0x40, 0xb4,
	0x41, 0xca, 0x98, 0x9b, 0x40, 0x95, 0x72, 0x37, 0xdd, 0x5f, 0xdd, 0xea,
	0x4a, 0x56, 0xa9, 0xa7, 0x7e, 0xb3, 0xbc, 0x7d, 0x5f, 0xb5, 0xc1, 0x03,
	0xaa, 0xd5, 0x1a, 0x90, 0x74, 0x99, 0x8f, 0xe8, 0x1a, 0x11, 0x69, 0xf7,
	0xdf, 0x72, 0xb9, 0x5d, 0xf4, 0xa8, 0xf1, 0xeb, 0x6a, 0x33, 0x81, 0xc2,
	0xcf, 0x7c, 0x3b, 0x3e, 0x4b, 0x98, 0x06, 0x3f, 0x5e, 0x5f, 0x08, 0xc4,
	0x4d, 0xb0, 0xfc, 0x3c, 0xfa, 0x23, 0x20, 0x34, 0xd4, 0xde, 0xd3, 0x46,
	0x0b, 0x7e, 0xb8, 0x01, 0xe0, 0x97, 0x0f, 0x13, 0x41, 0x95, 0x10, 0x05,
	0xb3, 0xc9, 0xe4, 0x94, 0xfc, 0x15, 0x23, 0xe5, 0xc7, 0xf3, 0x1b, 0x80,
	0xa2, 0x67, 0x65, 0x4a, 0xa5, 0x23, 0x9a, 0x57, 0x24, 0x8a, 0xf2, 0xef,
	0x7f, 0x2a, 0x7f, 0x7e, 0x2e, 0x7c, 0x74, 0x1e, 0xc0, 0x23, 0xa5, 0xf5,
	0xf8, 0x86, 0xad, 0x06, 0x64, 0x99, 0x0c, 0x32, 0x74, 0x14, 0x5b, 0x76,
	0x3b, 0x68, 0x98, 0xa0, 0xdf, 0x49, 0xba, 0x1c, 0x0c, 0x1d, 0x48, 0x67,
	0x41, 0x01, 0x50, 0x73, 0xea, 0x86, 0x3c, 0x80, 0x5a, 0x51, 0x0f, 0xe4,
	0x02, 0xd4, 0x1a, 0x1e, 0xc8, 0x07, 0x68, 0x2d, 0xea, 0x89, 0x22, 0x00,
	0x36, 0xb4, 0x3d, 0xf2, 0x01, 0x6a, 0x47, 0xdb, 0xa3, 0x00, 0xa0, 0xb5,
	0x69, 0x07, 0x94, 0x00, 0xb4, 0x0e, 0xed, 0x88, 0x02, 0x40, 0xdc, 0x48,
	0xe2, 0xa3, 0x17, 0x0f, 0xa4, 0x36, 0xcd, 0xf8, 0x9e, 0x3f, 0x16, 0x37,
	0x66, 0xc5, 0xa3, 0x8d, 0x86, 0xe7, 0x93, 0xbb, 0xd5, 0x2e, 0xf7, 0x51,
	0x06, 0x6b, 0xc6, 0x97, 0x37, 0x44, 0x94, 0x10, 0xa0, 0xdd, 0x08, 0x70,
	0xad, 0xa8, 0x1f, 0xda, 0x4b, 0xfe, 0xb0, 0x52, 0x87, 0x0e, 0x50, 0x27,
	0x6a, 0x0f, 0x6b, 0x8f, 0xe1, 0xbc, 0x66, 0x80, 0xb6, 0x31, 0x80, 0x72,
	0xed, 0x1d, 0x6d, 0x28, 0x20, 0xc4, 0x69, 0xfa, 0x68, 0x5b, 0x09, 0xe5,
	0x7f, 0xc4, 0x2f, 0x69, 0xcf, 0x6c, 0x22, 0xd3, 0x25, 0x0f, 0x98, 0x53,
	0x1a, 0xa2, 0x0d, 0x03, 0xca, 0xf7, 0x2b, 0x0f, 0xab, 0x18, 0x75, 0xd9,
	0xc7, 0xfa, 0xb1, 0xa6, 0xf0, 0xd1, 0x01, 0xc0, 0x64, 0x92, 0x6f, 0x85,
	0xa2, 0x05, 0x75, 0xf4, 0x1d, 0xf4, 0xa2, 0xa4, 0xde, 0x00, 0x4d, 0xa0,
	0x22, 0xbc, 0x01, 0xe8, 0x2b, 0x2a, 0x46, 0x2a, 0x40, 0x93, 0xa8, 0x04,
	0x59, 0x00, 0x4d, 0xa2, 0x52, 0x64, 0x01, 0x34, 0x99, 0xca, 0x90, 0x01,
	0xd0, 0x14, 0xaa, 0x40, 0x2e, 0x20, 0xbc, 0xa9, 0x68, 0x69, 0x3a, 0xd5,
	0xa1, 0x39, 0x00, 0xcd, 0xa0, 0xfa, 0xc8, 0x07, 0x68, 0x16, 0x35, 0x40,
	0x21, 0x40, 0x7c, 0x99, 0x83, 0x52, 0x07, 0x20, 0xbe, 0xcf, 0x53, 0xa3,
	0x74, 0xe5, 0x22, 0x71, 0xa5, 0x5e, 0xd5, 0x7a, 0x75, 0xa8, 0xc6, 0xb8,
	0x68, 0x81, 0xf0, 0x54, 0xe0, 0x05, 0x16, 0x10, 0x6d, 0x67, 0x8f, 0x93,
	0x6b, 0xe2, 0x3f, 0x7c, 0x4c, 0x12, 0x02, 0xd4, 0x5a, 0xcd, 0x0b, 0x9e,
	0xa1, 0xfb, 0x55, 0xfd, 0xd5, 0x73, 0x01, 0x64, 0xaa, 0xe3, 0x34, 0xb5,
	0x01, 0xa1, 0x91, 0xea, 0x47, 0xf5, 0x66, 0xc1, 0xf2, 0x8f, 0xf8, 0xc5,
	0xfb, 0xe9, 0x6a, 0xe1, 0x3b, 0xf6, 0x2c, 0xea, 0xe3, 0x2c, 0xeb, 0x05,
	0x28, 0xa9, 0x2a, 0x45, 0x2d, 0x2d, 0x4b, 0xfe, 0x28, 0x27, 0xfe, 0x8d,
	0x68, 0x2b, 0x76, 0x4b, 0x70, 0xba, 0x56, 0xbf, 0x8f, 0x47, 0x49, 0x6b,
	0x65, 0x13, 0x7e, 0xe5, 0x80, 0x2e, 0xe1, 0x1d, 0x2e, 0xbb, 0x6e, 0x3c,
	0xa9, 0xf5, 0xfc, 0xc5, 0x6d, 0x96, 0xd3, 0x34, 0x7c, 0xff, 0xf1, 0x3f,
	0x01, 0x09, 0xc8, 0xc3, 0xdc, 0x32, 0x63, 0x21, 0x48, 0x28, 0xa3, 0xb6,
	0x00, 0x7d, 0x40, 0x1f, 0x92, 0x43, 0x00, 0x7d, 0x41, 0x95, 0x34, 0x11,
	0x10, 0x0e, 0xd0, 0x7c, 0x32, 0x0d, 0xa0, 0x83, 0xe9, 0x13, 0xa4, 0x01,
	0xd4, 0x42, 0x78, 0x8e, 0x37, 0x80, 0xf0, 0x82, 0xe9, 0x85, 0x6c, 0x80,
	0xd9, 0x45, 0xdf, 0x21, 0x13, 0x10, 0x4e, 0xd2, 0x64, 0x64, 0x00, 0x8c,
	0x0d, 0x4d, 0x42, 0x26, 0x20, 0xa4, 0xd2, 0x14, 0x58, 0x02, 0xca, 0xb8,
	0xf2, 0x8b, 0xf9, 0xf9, 0x40, 0xd3, 0x1d, 0x0d, 0x17, 0x1a, 0x6e, 0x08,
	0x5c, 0x58, 0x68, 0x58, 0xb4, 0xa3, 0xa9, 0xbc, 0xed, 0x7e, 0x95, 0xbd,
	0xba, 0x61, 0xc9, 0xf4, 0xbc, 0x5e, 0xda, 0x55, 0xc2, 0x04, 0x7a, 0xcf,
	0xa2, 0x4c, 0x3a, 0x59, 0x92, 0x27, 0x12, 0x89, 0x4b, 0xfe, 0xc8, 0x5c,
	0xda, 0x45, 0x35, 0x41, 0x35, 0x8e, 0x77, 0x80, 0x6b, 0xf9, 0x2c, 0xd5,
	0x4c, 0x14, 0xe1, 0x11, 0xb7, 0x4d, 0x9d, 0x0b, 0x08, 0xef, 0x94, 0xcd,
	0x55, 0x6b, 0x84, 0x79, 0xd5, 0xf1, 0x55, 0x24, 0xa0, 0x8c, 0x8a, 0x64,
	0xe7, 0xd8, 0x3d, 0x24, 0x0d, 0xba, 0x58, 0xc5, 0x88, 0xc5, 0x59, 0x80,
	0xb2, 0xa7, 0x6a, 0x44, 0xc9, 0x81, 0x82, 0x38, 0xac, 0xc5, 0x0a, 0x00,
	0x4d, 0x3e, 0xda, 0x9f, 0x7f, 0x12, 0x5f, 0x71, 0xed, 0xc3, 0x9b, 0x26,
	0x0c, 0x53, 0x09, 0x06, 0x42, 0x33, 0x41, 0xc7, 0x3b, 0x5e, 0x73, 0x98,
	0x37, 0x12, 0xd6, 0x36, 0x39, 0x4a, 0x13, 0x69, 0x5d, 0xac, 0xb5, 0xfa,
	0x59, 0xe8, 0x27, 0xdc, 0x61, 0x6a, 0x29, 0x76, 0xc8, 0x82, 0x15, 0x8d,
	0x74, 0x26, 0x32, 0x29, 0x0a, 0x99, 0x62, 0xa0, 0xe2, 0x9b, 0x9c, 0x0c,
	0xf5, 0xb7, 0xaa, 0x68, 0xa5, 0xc1, 0xf0, 0xab, 0xd7, 0x1e, 0xde, 0x8c,
	0x8c, 0xf9, 0x09, 0x9b, 0x3e, 0x3a, 0x00, 0x68, 0x43, 0x9c, 0xe6, 0xde,
	0xcc, 0x9b, 0x93, 0x37, 0xe5, 0x5d, 0xdb, 0xf2, 0xfe, 0x61, 0x3b, 0x2c,
	0x0c, 0xcd, 0x7e, 0x52, 0x2c, 0xc4, 0x44, 0x21, 0x8d, 0x3a, 0xe3, 0x29,
	0x40, 0x27, 0xd2, 0x42, 0x24, 0x01, 0x82, 0x2f, 0xbd, 0x8c, 0x44, 0x40,
	0xb0, 0xa2, 0x0d, 0x68, 0x22, 0xc0, 0x4c, 0x15, 0x8e, 0x10, 0x1f, 0x40,
	0xd8, 0x43, 0xcc, 0x51, 0x07, 0x60, 0x46, 0x90, 0x54, 0xa4, 0x00, 0xc2,
	0x2c, 0x72, 0x92, 0xbe, 0x01, 0xc8, 0x6c, 0x7a, 0x9a, 0xb4, 0x02, 0xf8,
	0xa3, 0xda, 0xae, 0xda, 0x5b, 0x80, 0x89, 0x85, 0x41, 0x6f, 0xa1, 0xd0,
	0xdc, 0xa1, 0xd3, 0x9e, 0x36, 0xde, 0x8a, 0xe8, 0x17, 0xee, 0x31, 0xf5,
	0x32, 0x34, 0x82, 0x67, 0xc9, 0x51, 0x9b, 0x06, 0xb5, 0xbc, 0xf9, 0x54,
	0xc0, 0xba, 0x89, 0xe5, 0x51, 0xd9, 0x3e, 0x72, 0x66, 0xfa, 0xdc, 0xee,
	0xeb, 0x00, 0x93, 0xd2, 0x8a, 0xdf, 0xe4, 0x5c, 0x9d, 0xaa, 0xf6, 0x0a,
	0x8d, 0xca, 0x25, 0xca, 0x68, 0x4d, 0x02, 0x1d, 0x5a, 0xba, 0xb6, 0xac,
	0x2e, 0x40, 0x17, 0x31, 0xf5, 0x24, 0x72, 0x80, 0x6f, 0x59, 0x36, 0x50,
	0x19, 0xcf, 0xbb, 0xc0, 0x10, 0xc7, 0x00, 0x1c, 0xac, 0xca, 0x57, 0x71,
	0xa2, 0xc8, 0xf2, 0x98, 0xa4, 0xbb, 0x78, 0x2d, 0x17, 0x87, 0x71, 0x64,
	0x18, 0xf3, 0x9d, 0xa4, 0x0c, 0x28, 0x39, 0x5e, 0xda, 0x2c, 0x3b, 0x2c,
	0x81, 0x07, 0xb0, 0x02, 0x0e, 0x7f, 0xde, 0x6f, 0xed, 0x5f, 0x78, 0x74,
	0x72, 0x2a, 0xaa, 0x3f, 0x49, 0x16, 0x27, 0x59, 0x47, 0x5e, 0xb7, 0xdc,
	0xcf, 0xfe, 0xc2, 0xc8, 0x69, 0x33, 0xb7, 0x57, 0xc2, 0x50, 0x3a, 0x8e,
	0xcf, 0xa9, 0x73, 0x83, 0x91, 0x90, 0x30, 0xd2, 0xc1, 0x31, 0x84, 0xbd,
	0xcd, 0x2e, 0x27, 0xbd, 0xcd, 0xa7, 0x12, 0x07, 0x62, 0x45, 0x24, 0x3a,
	0x47, 0xe8, 0x57, 0x58, 0x40, 0x0e, 0xb0, 0x0b, 0xa8, 0x3d, 0x3d, 0x8f,
	0x52, 0x88, 0x99, 0x16, 0x44, 0x2e, 0x1a, 0x85, 0x16, 0x24, 0x80, 0xf1,
	0xe4, 0x62, 0xd0, 0x42, 0x72, 0x4c, 0x7a, 0x5d, 0x77, 0x2e, 0xd6, 0x32,
	0xa5, 0x6c, 0x86, 0xd4, 0x3a, 0xcf, 0x83, 0xdf, 0xc2, 0xf7, 0x15, 0xd4,
	0xb3, 0x55, 0xc7, 0x27, 0x9c, 0xde, 0x78, 0xc9, 0x7f, 0x6f, 0xe5, 0x3b,
	0x83, 0x2d, 0x95, 0x76, 0x7c, 0xb2, 0x92, 0xb0, 0x8e, 0xdd, 0x3d, 0xdb,
	0x34, 0x1e, 0x32, 0x57, 0x65, 0xf6, 0xd2, 0xb8, 0x83, 0xb8, 0x74, 0x95,
	0xb3, 0x31, 0x63, 0x98, 0x29, 0x29, 0xc6, 0x53, 0x91, 0x05, 0x37, 0x06,
	0x57, 0x01, 0x6e, 0x28, 0x77, 0x8d, 0x4c, 0x00, 0x38, 0x5b, 0x6e, 0x05,
	0x06, 0x01, 0x5c, 0x22, 0xdb, 0x87, 0xf8, 0x00, 0xdc, 0x5e, 0xd6, 0x1a,
	0x3d, 0x01, 0x76, 0x34, 0x9b, 0x8e, 0x36, 0x00, 0xeb, 0xc0, 0x9e, 0x41,
	0x1b, 0x80, 0xcd, 0x60, 0x16, 0x10, 0x37, 0x80, 0x3d, 0xc6, 0x74, 0x87,
	0x33, 0xc0, 0x4c, 0x65, 0x8c, 0x51, 0x07, 0x60, 0x9a, 0x33, 0x29, 0xa8,
	0x0b, 0x30, 0x75, 0x49, 0x09, 0x62, 0x81, 0xf2, 0x9f, 0x55, 0x4b, 0xf8,
	0x34, 0x80, 0x1e, 0xd7, 0x4a, 0xd1, 0x18, 0x28, 0xcc, 0x2e, 0x76, 0x55,
	0x7d, 0xad, 0x3d, 0x54, 0x3a, 0x53, 0x65, 0x0c, 0x9d, 0x92, 0xe6, 0xaa,
	0x2b, 0xea, 0xbd, 0x42, 0xbb, 0x42, 0x73, 0xf5, 0x35, 0xb5, 0x3f, 0x3d,
	0x94, 0xf7, 0x9d, 0xb3, 0xc6, 0x62, 0xac, 0x3a, 0xa0, 0xc1, 0x2f, 0x8d,
	0x56, 0xda, 0x5b, 0x18, 0x1e, 0x92, 0x13, 0xdd, 0xe9, 0x3a, 0x2b, 0xf5,
	0xfc, 0x80, 0xb4, 0xb3, 0x39, 0xb1, 0xe5, 0x21, 0xea, 0xad, 0x27, 0xc7,
	0x44, 0x2d, 0x7c, 0x77, 0xf6, 0xd8, 0x13, 0xba, 0x12, 0x5b, 0xf1, 0x84,
	0xf6, 0xc6, 0x2a, 0x6c, 0x41, 0x24, 0x33, 0xc8, 0xc0, 0x4b, 0xf4, 0x48,
	0xd9, 0xc8, 0x71, 0x73, 0x8f, 0xba, 0x2d, 0xcc, 0x0d, 0x6b, 0xb9, 0x8d,
	0x14, 0xad, 0x97, 0x1d, 0x32, 0x98, 0x0c, 0x5c, 0xf0, 0x89, 0xd9, 0x9c,
	0x96, 0x9c, 0xe3, 0x5b, 0x72, 0x5e, 0xb3, 0x87, 0x15, 0x68, 0x7d, 0x66,
	0x29, 0xdb, 0x82, 0x1c, 0x92, 0x5d, 0x66, 0x92, 0xc9, 0x49, 0x12, 0x20,
	0xee, 0xcb, 0x04, 0x32, 0xd3, 0x10, 0xc0, 0xb9, 0x93, 0xf6, 0xa4, 0x3e,
	0x39, 0xc3, 0xba, 0x81, 0x40, 0x17, 0xe3, 0x90, 0x82, 0xce, 0xe8, 0x45,
	0x36, 0xc0, 0x94, 0x5b, 0xc7, 0xd6, 0x27, 0xb5, 0x00, 0xd6, 0x8a, 0xcd,
	0x66, 0xc6, 0x00, 0x4c, 0x2f, 0xa6, 0x23, 0xbb, 0x1b, 0xa0, 0x36, 0xf0,
	0x25, 0x5d, 0x00, 0xad, 0x05, 0x1f, 0x84, 0x37, 0x80, 0xb6, 0x99, 0x26,
	0x05, 0x9b, 0x01, 0x8d, 0x58, 0x7b, 0x9b, 0xee, 0x02, 0x30, 0x87, 0x59,
	0x2a, 0xd9, 0x0b, 0x90, 0xd1, 0xcc, 0x6d, 0xd9, 0x2c, 0xec, 0xe3, 0xa7,
	0x0a, 0xf3, 0xd9, 0xdd, 0x29, 0xe7, 0x8b, 0x02, 0x8a, 0xc7, 0x28, 0x43,
	0x66, 0xd7, 0x0b, 0x32, 0x3a, 0xe7, 0x1c, 0x9a, 0x79, 0xc2, 0xff, 0x8f,
	0xd6, 0xed, 0x93, 0xd7, 0x04, 0xb6, 0xcb, 0x6b, 0x33, 0xce, 0x49, 0xb7,
	0xe5, 0x66, 0xb3, 0xa3, 0xc6, 0x79, 0x5c, 0x70, 0x60, 0x23, 0xa3, 0xc3,
	0xfa, 0x7e, 0xa2, 0x5f, 0x9c, 0x56, 0x28, 0x9a, 0xcb, 0x1f, 0xb0, 0x77,
	0x10, 0xca, 0x79, 0x70, 0xfb, 0x31, 0xe9, 0x7d, 0x49, 0x58, 0x5f, 0x80,
	0x3b, 0xc0, 0x5a, 0x93, 0x3e, 0x00, 0x3b, 0x8e, 0xcd, 0x44, 0x07, 0x80,
	0xad, 0xcb, 0x9e, 0x45, 0x6b, 0x80, 0x7d, 0xcb, 0x2c, 0x82, 0x3b, 0xc0,
	0x9e, 0x64, 0x7b, 0x90, 0xe6, 0x00, 0x33, 0x8d, 0x31, 0x45, 0x63, 0x80,
	0x71, 0x65, 0xd2, 0x61, 0x0b, 0x30, 0x2a, 0x72, 0x06, 0xb5, 0x01, 0xe6,
	0x06, 0xb3, 0x08, 0xb6, 0x00, 0xb3, 0x92, 0xf4, 0x86, 0x25, 0x40, 0x7a,
	0x91, 0x5a, 0x30, 0x03, 0x88, 0x1e, 0xc9, 0x84, 0x21, 0x40, 0x7e, 0x22,
	0xf3, 0xf1, 0x0e, 0xa0, 0x9b, 0xe8, 0x36, 0x04, 0x02, 0x74, 0x05, 0x3d,
	0x4e, 0x3b, 0x03, 0xc2, 0x0a, 0xe1, 0x14, 0x06, 0x02, 0x7c, 0x1b, 0x61,
	0x85, 0xf0, 0x16, 0x40, 0x5f, 0x3a, 0x11, 0x71, 0x00, 0x3d, 0x88, 0x60,
	0xf0, 0x00, 0x16, 0x63, 0x33, 0x18, 0x80, 0xce, 0xa6, 0xeb, 0xa0, 0x07,
	0x90, 0x1c, 0x92, 0x40, 0xce, 0x02, 0x64, 0x39, 0xf1, 0x23, 0x07, 0x00,
	0x8c, 0xc1, 0x78, 0x1c, 0x05, 0xa8, 0x33, 0x1d, 0x48, 0x3a, 0x00, 0x34,
	0x99, 0x1a, 0xc3, 0x1d, 0x10, 0xcc, 0xe9, 0x28, 0x50, 0x40, 0x38, 0x28,
	0x68, 0x90, 0x04, 0xf0, 0x43, 0xf8, 0x6b, 0x34, 0x0e, 0xe0, 0x6b, 0x09,
	0x2b, 0x11, 0x0d, 0xf0, 0x89, 0x7c, 0x5f, 0x44, 0x03, 0xfc, 0x7e, 0xde,
	0x06, 0x61, 0x80, 0x76, 0x2c, 0x9f, 0x41, 0xcf, 0x00, 0x5a, 0x47, 0xfe,
	0x1c, 0x82, 0x00, 0x6d, 0x96, 0x76, 0x09, 0x4e, 0x01, 0x3c, 0x84, 0x0b,
	0x64, 0x26, 0xc0, 0xb6, 0xe6, 0x46, 0xc9, 0x5a, 0x02, 0xea, 0x21, 0x9a,
	0xe7, 0x5c, 0x1f, 0x61, 0xad, 0x46, 0xcd, 0x5b, 0x93, 0xcb, 0xe9, 0x9d,
	0x4a, 0x7f, 0x29, 0x7b, 0xcc, 0xbf, 0x3d, 0xbd, 0x3c, 0x75, 0xc6, 0x9b,
	0x99, 0x6f, 0xbf, 0x9e, 0xeb, 0x1f, 0xbe, 0xf1, 0x4e, 0xc8, 0xa3, 0x57,
	0xaa, 0x86, 0xff, 0xd7, 0xf5, 0xfa, 0xe4, 0x79, 0x80, 0x30, 0xe3, 0xc8,
	0xdd, 0xf1, 0xc5, 0xb1, 0xdf, 0x01, 0x00, 0x3a, 0x35, 0x45, 0x97, 0x87,
	0xed, 0xbb, 0x37, 0x23, 0x26, 0x56, 0x26, 0x72, 0xa3, 0xb5, 0xdc, 0xf9,
	0xcd, 0xa6, 0x06, 0x75, 0x75, 0x87, 0x70, 0x76, 0x5e, 0x5d, 0x15, 0x53,
	0xe4, 0x05, 0xec, 0x61, 0x45, 0x20, 0x33, 0x87, 0x51, 0x11, 0x29, 0x24,
	0xe4, 0xae, 0xe0, 0x41, 0x25, 0x00, 0xc9, 0x22, 0x51, 0x78, 0x0e, 0x90,
	0x5c, 0x58, 0x40, 0x17, 0x20, 0xd1, 0xc4, 0x8a, 0x3e, 0x05, 0x10, 0x0b,
	0x0b, 0xd2, 0x0c, 0x00, 0x07, 0x16, 0x14, 0x80, 0x96, 0xd4, 0x81, 0x16,
	0xc0, 0x13, 0x38, 0x42, 0x0d, 0xe0, 0x19, 0xa9, 0x87, 0x32, 0x80, 0xd4,
	0x23, 0x76, 0x28, 0x02, 0x88, 0x29, 0xb1, 0x80, 0x11, 0x40, 0x9a, 0x92,
	0xd9, 0xd0, 0x03, 0xd0, 0x95, 0x4c, 0xc5, 0x64, 0x80, 0x84, 0x90, 0x51,
	0x44, 0x02, 0xb0, 0x69, 0xec, 0x11, 0x24, 0x00, 0xec, 0x09, 0xd6, 0x81,
	0x2d, 0x06, 0x50, 0x17, 0x1b, 0x50, 0x07, 0xa0, 0xa6, 0xf8, 0x05, 0x4a,
	0x00, 0xc5, 0x74, 0x36, 0xca, 0x00, 0x7a, 0x80, 0xda, 0xa0, 0x10, 0xa0,
	0xf9, 0xd4, 0x05, 0xce, 0x00, 0x7d, 0x4a, 0x3d, 0x50, 0x0b, 0x10, 0x0a,
	0xe8, 0x39, 0x5c, 0x02, 0x28, 0x43, 0x5b, 0x60, 0x28, 0x20, 0x34, 0xa4,
	0xde, 0x78, 0x03, 0x08, 0xb1, 0x82, 0x13, 0x12, 0x01, 0x21, 0x56, 0xc8,
	0xa5, 0x4f, 0x01, 0xc1, 0x9e, 0x5a, 0x20, 0x16, 0x10, 0x6a, 0x0b, 0xeb,
	0x91, 0x0e, 0xd0, 0xcd, 0x34, 0x8d, 0x48, 0x01, 0xa6, 0x2b, 0xab, 0x14,
	0x1d, 0x04, 0xb8, 0xbd, 0x8c, 0xb5, 0x78, 0x35, 0xa0, 0x9d, 0x46, 0xad,
	0xb1, 0x88, 0xca, 0x69, 0x4f, 0x42, 0xc9, 0xf0, 0xbc, 0xa9, 0x1a, 0xb5,
	0x70, 0x80, 0x69, 0x77, 0x37, 0x26, 0x75, 0xc7, 0x9b, 0x73, 0xc5, 0xbe,
	0xdb, 0x6c, 0x72, 0x33, 0xf2, 0xa6, 0x64, 0xdb, 0x5f, 0x68, 0x1e, 0x31,
	0x3f, 0x4a, 0x1b, 0xaf, 0x47, 0x5b, 0xe2, 0x20, 0xfe, 0xbd, 0x2e, 0xf0,
	0x2f, 0x67, 0x15, 0x6b, 0xec, 0x5c, 0x40, 0xfb, 0x60, 0x0f, 0xe7, 0xa6,
	0x23, 0x74, 0x77, 0x59, 0x25, 0x98, 0xe7, 0x4a, 0x5f, 0xcc, 0x7a, 0x69,
	0xe0, 0xa7, 0x7b, 0x4f, 0x94, 0xd5, 0xfd, 0x81, 0xf4, 0xb5, 0x34, 0x88,
	0x4c, 0xaa, 0x53, 0x28, 0x79, 0x27, 0x66, 0x88, 0xb1, 0x81, 0x46, 0x72,
	0x58, 0x7c, 0x83, 0xa8, 0xb8, 0x13, 0x32, 0xb9, 0xf4, 0x19, 0xe9, 0x0b,
	0x07, 0xf6, 0x01, 0xe3, 0x42, 0x1f, 0x01, 0x24, 0x1b, 0x4b, 0x84, 0xce,
	0x00, 0x69, 0x48, 0x9e, 0x51, 0x06, 0x20, 0x3d, 0x89, 0x1c, 0x07, 0x00,
	0xe2, 0x4e, 0x24, 0xc8, 0x05, 0x18, 0x53, 0x92, 0x0d, 0x39, 0x80, 0x44,
	0x12, 0x0a, 0x05, 0x40, 0x8e, 0x92, 0x8d, 0x90, 0x01, 0x98, 0x8e, 0x51,
	0x90, 0x02, 0xc4, 0xed, 0x7d, 0x59, 0x38, 0xf3, 0xde, 0x07, 0x31, 0x78,
	0x04, 0x1e, 0xa0, 0x5b, 0x71, 0x18, 0x3c, 0x40, 0x47, 0xd2, 0x79, 0xe0,
	0x01, 0xb8, 0xd2, 0x6f, 0x60, 0x02, 0xd0, 0x7a, 0xf8, 0x86, 0x0c, 0x03,
	0xe8, 0x50, 0xba, 0x9f, 0xd4, 0x07, 0x70, 0x04, 0x2c, 0xa3, 0x03, 0xa0,
	0x1f, 0x79, 0xc1, 0x85, 0x00, 0x82, 0x37, 0x15, 0x33, 0x2f, 0x01, 0x95,
	0x91, 0xda, 0x0b, 0x59, 0x78, 0xa3, 0xd1, 0xd7, 0x24, 0xc2, 0x9a, 0xd7,
	0x6a, 0xfc, 0xf9, 0x21, 0xe4, 0x52, 0xf9, 0x0d, 0xcd, 0x18, 0xcd, 0x58,
	0xb2, 0x35, 0x6f, 0x91, 0x6a, 0xbc, 0x66, 0x2d, 0xbc, 0x93, 0x75, 0x0a,
	0xb7, 0x14, 0x8b, 0x35, 0xdb, 0xc3, 0x62, 0x93, 0xb7, 0xa6, 0x66, 0xe6,
	0x7b, 0x9e, 0x73, 0xbd, 0x31, 0x23, 0x3c, 0xff, 0x41, 0x70, 0xcc, 0xf3,
	0xcf, 0xbd, 0x0e, 0xff, 0xdf, 0x1f, 0x0c, 0xf1, 0x5c, 0xe7, 0x36, 0xde,
	0x69, 0x0c, 0xbb, 0x5a, 0xfa, 0x4c, 0xc2, 0xb1, 0x71, 0x2d, 0x3b, 0x58,
	0xef, 0xb3, 0x38, 0x2d, 0xfd, 0xb1, 0xeb, 0x70, 0xd9, 0x50, 0xa9, 0x2f,
	0xf7, 0x9d, 0x4d, 0x37, 0x71, 0x57, 0x51, 0x67, 0xb2, 0xcc, 0x38, 0xa4,
	0xdf, 0x28, 0x67, 0x25, 0x99, 0xdf, 0x2f, 0xf1, 0x9d, 0x4d, 0xf9, 0x1d,
	0x66, 0xa3, 0x76, 0x58, 0xb4, 0x57, 0x6a, 0x1d, 0xcc, 0x79, 0xea, 0xcd,
	0xee, 0x62, 0x3a, 0xc0, 0x47, 0x16, 0x4d, 0x96, 0x31, 0xc3, 0xb0, 0x51,
	0x12, 0x6c, 0x93, 0xae, 0x90, 0x97, 0xa5, 0x5a, 0xfa, 0x3a, 0x9e, 0xb2,
	0x72, 0xd7, 0x8d, 0x14, 0xcd, 0x90, 0x74, 0x97, 0x16, 0xc8, 0x9d, 0x80,
	0x74, 0xcb, 0xdc, 0x94, 0xf2, 0xd3, 0xda, 0x81, 0x8f, 0xee, 0x65, 0x98,
	0x0b, 0xc9, 0xcf, 0x87, 0x09, 0x53, 0xe8, 0x69, 0x88, 0x95, 0xf6, 0xc2,
	0x62, 0x3e, 0x13, 0xda, 0xb2, 0xa0, 0xfa, 0xad, 0x0c, 0xbe, 0x2f, 0xde,
	0xe3, 0xd4, 0xcd, 0x4d, 0xdc, 0x38, 0xdb, 0x72, 0xa1, 0x61, 0xab, 0x83,
	0xc6, 0x37, 0x06, 0x67, 0xe9, 0x85, 0xf8, 0xbe, 0x69, 0x58, 0x10, 0x2d,
	0x92, 0x05, 0x5f, 0xc8, 0xda, 0x9a, 0x4d, 0xca, 0x57, 0x05, 0x05, 0x96,
	0x7f, 0xa5, 0xcc, 0xd3, 0x78, 0xbc, 0xbb, 0x14, 0x31, 0x27, 0x6a, 0x7b,
	0xfc, 0x71, 0x7e, 0x7d, 0x4d, 0xfb, 0xef, 0x1f, 0x83, 0x1b, 0xeb, 0x56,
	0xcf, 0x70, 0x18, 0x11, 0x2f, 0x4f, 0xb1, 0x38, 0xfa, 0x7d, 0x67, 0x3d,
	0x7e, 0x68, 0x75, 0x74, 0x67, 0x57, 0x2e, 0x6e, 0x63, 0xd3, 0xfe, 0xd2,
	0xda, 0x6c, 0x9f, 0x53, 0x43, 0xda, 0x9d, 0xa1, 0xb4, 0xdc, 0xf3, 0x9a,
	0xab, 0x8f, 0x1d, 0xa5, 0xd1, 0x4e, 0xdb, 0x2d, 0xda, 0x2a, 0xe3, 0x47,
	0x56, 0xc7, 0x77, 0xfb, 0xfc, 0x86, 0x2d, 0xf5, 0xfb, 0xbc, 0x89, 0x7d,
	0x76, 0x73, 0x3f, 0x69, 0x97, 0x54, 0x92, 0xf2, 0xf7, 0xcc, 0xe2, 0xf3,
	0xe3, 0xd7, 0x44, 0x10, 0xa5, 0x94, 0x52, 0xca, 0xb2, 0x15, 0xad, 0x95,
	0xd5, 0x6f, 0x5b, 0xd9, 0x07, 0x87, 0x2c, 0xff, 0x2a, 0x2a, 0xe4, 0x19,
	0x1b, 0xff, 0x56, 0xbe, 0xae, 0xee, 0x7f, 0xa6, 0xaf, 0xce, 0x2e, 0xf9,
	0xaf, 0xa5, 0x5f, 0x2f, 0xa6, 0x27, 0x27, 0xbf, 0xd9, 0x36, 0x5b, 0xa6,
	0x67, 0x2f, 0xef, 0xc6, 0x1a, 0x33, 0x07, 0x83, 0x5e, 0xfe, 0xbc, 0xe2,
	0x87, 0x39, 0xad, 0x75, 0x7f, 0x4b, 0x6f, 0x66, 0xa6, 0x99, 0xac, 0xb5,
	0xd5, 0x5e, 0xc8, 0x96, 0x93, 0x33, 0xdc, 0x6e, 0xa3, 0x39, 0x00, 0x91,
	0x48, 0x13, 0x2c, 0x0f, 0x01, 0xbc, 0x07, 0xfa, 0xc9, 0x3b, 0x16, 0x4c,
	0xad, 0xce, 0x0e, 0x83, 0xa7, 0xba, 0xd1, 0xd2, 0x39, 0x26, 0x0f, 0x32,
	0x33, 0x0a, 0xfb, 0xe9, 0x7c, 0x7d, 0xe2, 0xc1, 0x6f, 0xe5, 0x9a, 0x9a,
	0xfe, 0xbe, 0xdd, 0x84, 0x54, 0xb4, 0x26, 0x26, 0xbf, 0x6f, 0x7f, 0xd5,
	0x56, 0x2c, 0xfe, 0x7d, 0x39, 0x62, 0xf1, 0x9f, 0xa5, 0xff, 0x2d, 0x9f,
	0x4c, 0xf6, 0xfb, 0x7c, 0xec, 0x87, 0x1f, 0xc5, 0xaa, 0x18, 0xb0, 0xb3,
	0x3b, 0xe6, 0x78, 0xac, 0xee, 0x31, 0xc7, 0x6b, 0x5d, 0x96, 0x9c, 0x5e,
	0x12, 0xb4, 0xe4, 0x74, 0x44, 0x50, 0x45, 0xff, 0xc0, 0x81, 0xd5, 0x29,
	0xfa, 0xb3, 0xa8, 0x90, 0x63, 0x64, 0x14, 0xd1, 0x27, 0xc2, 0x3b, 0xa2,
	0xcf, 0x45, 0xb7, 0x31, 0x33, 0xc6, 0xcc, 0x1c, 0x33, 0x23, 0xba, 0x4e,
	0xf2, 0xb5, 0xe4, 0xeb, 0xc9, 0xd7, 0x4e, 0x9d, 0xab, 0x74, 0xd8, 0xef,
	0xf3, 0x59, 0x59, 0x05, 0x95, 0x04, 0x95, 0x06, 0x95, 0x5c, 0x2d, 0x99,
	0x1f, 0x30, 0x7f, 0xcb, 0xfc, 0x80, 0xc8, 0x97, 0x15, 0xfd, 0xc3, 0x87,
	0x57, 0xa5, 0x8f, 0x49, 0x0c, 0xd8, 0xd7, 0x48, 0x9d, 0x76, 0x36, 0xd1,
	0xf3, 0x49, 0x8f, 0x98, 0xc1, 0x77, 0x57, 0x4c, 0xe8, 0x36, 0xa1, 0xfb,
	0x84, 0x6e, 0xd1, 0x79, 0xc9, 0x4b, 0x92, 0x97, 0x26, 0x2f, 0xb9, 0xb0,
	0xfe, 0xe8, 0x93, 0xb9, 0x0a, 0xd3, 0x99, 0xab, 0x37, 0xe5, 0x37, 0x7c,
	0x94, 0x7a, 0xf2, 0x35, 0xa5, 0xeb, 0xb5, 0x8b, 0x46, 0x4d, 0xd4, 0x50,
	0xfa, 0xa4, 0x34, 0x66, 0xc7, 0x75, 0x65, 0xc6, 0xfb, 0xc0, 0x34, 0x36,
	0xae, 0x2a, 0xf7, 0xc5, 0xb1, 0xc0, 0x37, 0xcd, 0x2f, 0xa9, 0x64, 0xe9,
	0xaf, 0x52, 0x77, 0x26, 0x95, 0xec, 0x7c, 0x38, 0xc5, 0x63, 0x8a, 0xe7,
	0x14, 0x8f, 0xbb, 0x9a, 0x14, 0x71, 0x8a, 0x24, 0x45, 0x7c, 0x6e, 0xee,
	0x6f, 0xed, 0x75, 0x76, 0x7e, 0xd0, 0xed, 0x41, 0xf7, 0x07, 0xdd, 0xce,
	0x3d, 0x9f, 0x9d, 0x3a, 0xfb, 0xcd, 0xec, 0xd4, 0xf0, 0x21, 0xa3, 0xeb,
	0x8e, 0xae, 0x37, 0xba, 0x6e, 0xd4, 0xeb, 0xaa, 0x6d, 0xa5, 0x1f, 0x0e,
	0x4f, 0x3c, 0xec, 0x7b, 0x78, 0xe2, 0xe5, 0x2e, 0x39, 0x4f, 0x72, 0x9e,
	0xe6, 0x3c, 0x59, 0x73, 0xe1, 0xb7, 0xf2, 0x3c, 0x3d, 0x37, 0x2c, 0xd8,
	0xf0, 0xc3, 0x86, 0x05, 0x37, 0x8b, 0x76, 0x6b, 0x77, 0xf3, 0xbb, 0xb5,
	0xd7, 0xaf, 0x57, 0xf4, 0xb7, 0x69, 0x53, 0xd5, 0xce, 0xdf, 0xf2, 0x0d,
	0x19, 0xb2, 0xf0, 0xfb, 0x85, 0xd3, 0x17, 0x7e, 0x7f, 0xbb, 0xac, 0x72,
	0x5d, 0x2b, 0xd7, 0xb9, 0x1a, 0x06, 0x3b, 0xbb, 0x81, 0x43, 0x07, 0x0e,
	0x1b, 0x38, 0x34, 0xae, 0x95, 0x5d, 0x9c, 0xdd, 0x3d, 0xbb, 0xb8, 0xbc,
	0x93, 0x9f, 0x2a, 0x00, 0x0a, 0xe5, 0x85, 0x8a, 0x42, 0xf9, 0xd2, 0xbb,
	0xc6, 0xa7, 0x8c, 0x4f, 0x1b, 0x9f, 0x2a, 0x6b, 0x50, 0xa9, 0xb5, 0x8f,
	0xaa, 0x8f, 0xba, 0x8f, 0x2a, 0xbe, 0x91, 0x60, 0x2c, 0x18, 0x0b, 0xc6,
	0x9d, 0xaa, 0x0d, 0x80, 0x4a, 0x47, 0x99, 0x79, 0x99, 0xf5, 0x31, 0xf3,
	0x2a, 0xf1, 0xac, 0x2e, 0x00, 0x0e, 0x8f, 0x98, 0xd5, 0x40, 0x6f, 0xdb,
	0x78, 0x71, 0xbc, 0x59, 0x64, 0xa7, 0x90, 0x2b, 0xaf, 0x23, 0x2b, 0xa5,
	0x44, 0x23, 0x9a, 0x44, 0xe3, 0xdc, 0x89, 0x03, 0x0b, 0xa7, 0x07, 0x19,
	0xf8, 0x4f, 0x9d, 0x92, 0xd3, 0xe0, 0x81, 0xde, 0xf1, 0x0e, 0x94, 0x56,
	0x8e, 0xeb, 0xe5, 0xeb, 0x4e, 0x54, 0x74, 0x16, 0x06, 0xbe, 0x24, 0x2f,
	0x99, 0x97, 0xe4, 0x4c, 0x64, 0x85, 0x7c, 0x53, 0xd3, 0x0d, 0x67, 0x47,
	0x9d, 0x62, 0xba, 0xb6, 0x72, 0xb9, 0xa9, 0x5a, 0x6b, 0x57, 0xcf, 0x2b,
	0xd2, 0x20, 0x67, 0x6d, 0xce, 0xba, 0x9c, 0xb5, 0xab, 0x1f, 0x57, 0xf2,
	0xc5, 0xae, 0x8d, 0x5d, 0x17, 0xbb, 0x36, 0xf8, 0x6e, 0xa5, 0xfe, 0x92,
	0xad, 0x25, 0xdb, 0x4a, 0xb6, 0xfe, 0x70, 0x49, 0x7c, 0x44, 0x7c, 0x44,
	0x7c, 0x84, 0xc2, 0x25, 0xd9, 0x25, 0xc5, 0x25, 0x39, 0xad, 0x76, 0xbf,
	0x1f, 0xfb, 0x2d, 0xea, 0xf7, 0xe3, 0x7d, 0x93, 0x0f, 0xda, 0xce, 0xfd,
	0xba, 0xf4, 0xeb, 0x7c, 0xbf, 0xa0, 0x52, 0xde, 0x85, 0x89, 0x17, 0x7c,
	0x2f, 0x4c, 0xbc, 0x58, 0x65, 0x07, 0xf1, 0xf4, 0x74, 0x9e, 0xe4, 0x3c,
	0xd9, 0x79, 0x52, 0xaa, 0x63, 0xd7, 0x49, 0x5d, 0x27, 0x77, 0x9d, 0xf4,
	0xe4, 0x87, 0x3f, 0x1b, 0x00, 0xd6, 0x8d, 0xad, 0x9b, 0x58, 0x37, 0x2e,
	0x9c, 0x54, 0xb9, 0xae, 0x55, 0x03, 0xe0, 0x6f, 0x2f, 0x0a, 0xad, 0x50,
	0xa8, 0xa7, 0x77, 0x63, 0xe9, 0x8d, 0xa5, 0x37, 0x96, 0xb6, 0x0a, 0x42,
	0x31, 0x8a, 0x51, 0x4c, 0xb4, 0x61, 0x91, 0x61, 0x77, 0xc2, 0x22, 0x43,
	0x35, 0xc1, 0x92, 0x60, 0x71, 0xb0, 0xa4, 0xc9, 0x93, 0xd7, 0xe7, 0x5f,
	0x87, 0xbc, 0x3e, 0xef, 0xab, 0xf9, 0x58, 0x7d, 0x43, 0x0e, 0xac, 0x7b,
	0x5e, 0x34, 0x79, 0x97, 0x9a, 0xce, 0x61, 0xda, 0x89, 0x9b, 0x15, 0x45,
	0x56, 0x1d, 0x2f, 0x1b, 0xa8, 0x7c, 0xa5, 0xec, 0x97, 0x12, 0x4c, 0x0f,
	0xd3, 0x08, 0x14, 0xfc, 0xab, 0x5f, 0x9d, 0xa7, 0x39, 0xa6, 0x7d, 0x84,
	0xc0, 0x26, 0x41, 0x4d, 0x4e, 0x37, 0x09, 0xea, 0xdd, 0xe6, 0xf9, 0xd2,
	0xe7, 0x7e, 0xcf, 0x97, 0xee, 0x6e, 0xe5, 0xf4, 0x4d, 0xab, 0xdb, 0x23,
	0x17, 0xb6, 0xcf, 0x78, 0x76, 0x20, 0xb1, 0x57, 0xca, 0xdb, 0x05, 0xe9,
	0x7f, 0xa4, 0x3f, 0xd7, 0x3d, 0xd7, 0x3d, 0xd7, 0xdd, 0x3e, 0x4a, 0x3d,
	0x58, 0x3d, 0x58, 0x3d, 0x18, 0x74, 0xd3, 0xc1, 0x4d, 0x07, 0x37, 0x1d,
	0x7c, 0xb4, 0xe2, 0x94, 0xdf, 0xa9, 0xa5, 0xa7, 0xfc, 0xc6, 0xd8, 0x7c,
	0xd0, 0x36, 0x3a, 0xd5, 0xf0, 0x54, 0xa3, 0xab, 0x06, 0x95, 0xfc, 0x31,
	0xd9, 0x31, 0xd9, 0x31, 0xd9, 0x3a, 0x6e, 0x15, 0x57, 0x7a, 0x7a, 0x1f,
	0xeb, 0x8f, 0x3f, 0xc2, 0xdf, 0x5e, 0x10, 0x52, 0xe2, 0x57, 0xb2, 0xac,
	0xc4, 0xef, 0xdb, 0x01, 0xbe, 0xde, 0xbe, 0xde, 0xbe, 0xde, 0x1e, 0x09,
	0x1b, 0x56, 0x6d, 0x58, 0xb5, 0x61, 0x55, 0xf8, 0xdb, 0xd6, 0x13, 0x5a,
	0x4f, 0x68, 0x3d, 0xe1, 0xf6, 0xf5, 0x8a, 0x9d, 0xc6, 0xb9, 0x74, 0x7e,
	0xe0, 0xfc, 0xc0, 0xf9, 0x81, 0xf5, 0xf2, 0xf8, 0x2c, 0x3e, 0x8b, 0xcf,
	0x6a, 0x47, 0x58, 0x0b, 0xd6, 0x82, 0xb5, 0x08, 0xa3, 0x7f, 0x55, 0x2f,
	0xfb, 0x52, 0x3e, 0xc2, 0xd4, 0xee, 0xf5, 0x6a, 0x00, 0x4b, 0x80, 0xa6,
	0xbf, 0xbe, 0xe7, 0xcf, 0x7e, 0x99, 0x37, 0x5c, 0x59, 0x3f, 0xb8, 0x0e,
	0xa0, 0x6c, 0x00, 0x00, 0x06, 0xaf, 0x49, 0x44, 0x41, 0x54, 0x71, 0x0e,
	0xf2, 0x11, 0x89, 0x7f, 0xfb, 0x20, 0xcc, 0xb9, 0x47, 0x41, 0x1d, 0x8f,
	0x47, 0xbc, 0x18, 0x30, 0x75, 0xf9, 0x74, 0xbf, 0xb9, 0x83, 0x8c, 0xda,
	0x34, 0xfb, 0xa1, 0xd9, 0x82, 0x66, 0x3f, 0xf4, 0x0e, 0x89, 0xae, 0x73,
	0x67, 0x5c, 0x44, 0xbe, 0xee, 0xe0, 0x2e, 0xe3, 0x26, 0xbd, 0x0b, 0x8c,
	0x3a, 0x54, 0x37, 0x77, 0x5d, 0xee, 0xfa, 0xdc, 0x75, 0x5f, 0x57, 0x7f,
	0x82, 0xc9, 0x1f, 0xfe, 0xf0, 0x27, 0x4b, 0xde, 0x5f, 0x2d, 0x16, 0xd2,
	0x84, 0x34, 0x21, 0x8d, 0x8e, 0x21, 0x84, 0x10, 0x42, 0xee, 0x7f, 0x50,
	0xb6, 0x2c, 0xdc, 0x13, 0xee, 0x09, 0xf7, 0x1a, 0x93, 0x04, 0x3e, 0x41,
	0x48, 0xe0, 0x8f, 0x34, 0x35, 0x3b, 0x60, 0x76, 0xc0, 0xec, 0xc0, 0xeb,
	0xac, 0x8a, 0x51, 0xe5, 0x07, 0x1f, 0xb1, 0x4e, 0xbb, 0x95, 0x76, 0x2b,
	0xed, 0x96, 0x71, 0x7a, 0x78, 0xab, 0xf0, 0xd6, 0xe1, 0xad, 0x7e, 0x2c,
	0x0d, 0x0d, 0x0e, 0x3d, 0x1b, 0x1a, 0xcc, 0xff, 0x58, 0x95, 0x2e, 0x62,
	0x4b, 0xc4, 0xd6, 0x88, 0x2d, 0xdc, 0x9d, 0xd2, 0x33, 0xa5, 0x67, 0x4a,
	0xcf, 0x48, 0xaf, 0x62, 0x09, 0x96, 0x60, 0xc9, 0xbf, 0x9d, 0xea, 0x78,
	0x8f, 0xbf, 0x2d, 0x00, 0x2a, 0xfe, 0xf3, 0x15, 0x8a, 0xab, 0x2d, 0xaf,
	0xba, 0x5e, 0x6d, 0xe9, 0x99, 0x58, 0xa4, 0x5f, 0xa4, 0x57, 0xa4, 0xaf,
	0x08, 0xef, 0xf3, 0xa2, 0xcf, 0x8b, 0x3e, 0x2f, 0x5e, 0x07, 0x8b, 0x55,
	0x62, 0xa5, 0x58, 0xb5, 0xcf, 0x77, 0xfb, 0xbd, 0xed, 0xf7, 0xb7, 0xdf,
	0x73, 0x2f, 0xee, 0xb1, 0xb5, 0xc7, 0x96, 0x1e, 0x5b, 0xbb, 0xe5, 0xad,
	0x2e, 0x5f, 0x5d, 0xbe, 0xba, 0x7c, 0xca, 0xfb, 0x14, 0x66, 0x58, 0xf2,
	0x5f, 0xd5, 0x2f, 0x89, 0x91, 0xfb, 0xe8, 0x34, 0x2c, 0x9c, 0x02, 0x00,
	0xf8, 0xb7, 0xb7, 0xf4, 0xef, 0x24, 0x45, 0x97, 0x81, 0xac, 0xd1, 0xc2,
	0x75, 0xc1, 0x9b, 0x56, 0xe6, 0xcd, 0x5e, 0x02, 0x3a, 0x6d, 0x75, 0xe7,
	0xe8, 0xd7, 0xcb, 0xeb, 0x1e, 0x3e, 0x27, 0x3c, 0x25, 0x7c, 0x4e, 0xb8,
	0x67, 0xfb, 0x5d, 0xed, 0x77, 0xb7, 0xdf, 0xd5, 0x7b, 0x7f, 0xeb, 0x1f,
	0xdd, 0xb7, 0x7b, 0x8e, 0xea, 0xf8, 0xd3, 0xdd, 0x59, 0x77, 0x67, 0xdf,
	0x9d, 0xf5, 0x73, 0x7b, 0xfb, 0x5e, 0xf6, 0xbd, 0xec, 0x7b, 0xe5, 0x7d,
	0xf0, 0x8e, 0xe1, 0xaf, 0x82, 0xb8, 0x10, 0x17, 0xe2, 0x72, 0xd1, 0xc8,
	0x71, 0xab, 0xe3, 0x16, 0xc7, 0xad, 0x27, 0x13, 0xc8, 0x36, 0xb2, 0x95,
	0x6c, 0x53, 0x2a, 0x41, 0x40, 0x40, 0x2a, 0xfd, 0xf8, 0x2f, 0xfa, 0xa7,
	0x4f, 0x9f, 0x3e, 0x79, 0xfa, 0xd4, 0x7c, 0x6f, 0x3b, 0xb4, 0x43, 0x3b,
	0x74, 0x07, 0xfa, 0xc0, 0xeb, 0xdf, 0x6a, 0x96, 0xaa, 0xc7, 0x50, 0x0c,
	0xc3, 0x50, 0xb4, 0xae, 0xda, 0xfd, 0xb7, 0x05, 0x40, 0x59, 0x40, 0xd9,
	0x96, 0xb2, 0x80, 0x89, 0x23, 0xc6, 0x8e, 0x1f, 0x3b, 0x7e, 0xec, 0x78,
	0xb7, 0x06, 0xe6, 0xa6, 0xe6, 0xa6, 0xe6, 0xa6, 0x45, 0x53, 0xd6, 0xf7,
	0x5f, 0xdf, 0x7f, 0x7d, 0xff, 0xfa, 0x17, 0xb1, 0x12, 0xfe, 0x58, 0xb9,
	0xbf, 0x57, 0x36, 0x97, 0xcd, 0x65, 0x73, 0xf2, 0xdb, 0x95, 0x7c, 0x8b,
	0x1b, 0x2f, 0x6e, 0xbc, 0xb8, 0xb1, 0xc3, 0x9e, 0x8a, 0x89, 0xbb, 0x2f,
	0xac, 0xe8, 0x4d, 0xf9, 0xc4, 0x8f, 0x5d, 0x79, 0x79, 0xfc, 0x2d, 0xe1,
	0x47, 0x7a, 0x03, 0xff, 0x5a, 0xc8, 0x38, 0xe6, 0x82, 0xa8, 0x49, 0xd9,
	0x13, 0x93, 0x41, 0x26, 0x7e, 0x26, 0x8f, 0x7d, 0xbf, 0x0f, 0xab, 0x1f,
	0x56, 0x3f, 0xac, 0xbe, 0xe0, 0xdf, 0xc9, 0xa7, 0x93, 0x4f, 0x27, 0x9f,
	0xde, 0xe1, 0xce, 0x49, 0xce, 0x89, 0xce, 0x49, 0xbd, 0x3d, 0x63, 0x96,
	0xc4, 0x2c, 0x89, 0x59, 0x72, 0xeb, 0xd6, 0x7b, 0xae, 0x0f, 0x6f, 0xa6,
	0xfe, 0xaf, 0xb0, 0x84, 0x25, 0x2c, 0x87, 0xe4, 0x1f, 0x53, 0x1d, 0x53,
	0x1f, 0x53, 0xf5, 0x35, 0x4f, 0x73, 0x4f, 0x6b, 0x93, 0xe6, 0x5e, 0x30,
	0xd2, 0x3a, 0xd2, 0xfa, 0xb6, 0x75, 0xe4, 0xb0, 0x80, 0xaa, 0xe4, 0x1d,
	0x4d, 0x3b, 0x9a, 0x75, 0x34, 0x7d, 0xe1, 0x17, 0x12, 0x1b, 0x12, 0x1b,
	0x12, 0x7b, 0xab, 0xa7, 0xb6, 0x87, 0xb6, 0x87, 0xb6, 0x47, 0x86, 0xb6,
	0x2a, 0x9d, 0x78, 0xaf, 0x78, 0xaf, 0x78, 0x6f, 0x83, 0x92, 0xda, 0xe5,
	0xb5, 0xcb, 0x6b, 0x97, 0xf7, 0xda, 0x8c, 0x9d, 0xd8, 0x89, 0x9d, 0x1f,
	0xaa, 0xff, 0x93, 0xf7, 0x00, 0x2d, 0x5a, 0x54, 0x2c, 0x48, 0xaf, 0x5e,
	0xff, 0xb9, 0xf5, 0xf0, 0xa8, 0x68, 0xa5, 0xd2, 0x58, 0x12, 0x4b, 0x62,
	0x49, 0xe7, 0xc0, 0x37, 0xbe, 0x6f, 0x26, 0xbe, 0xf1, 0x35, 0xfc, 0xce,
	0x30, 0xd4, 0x30, 0xd4, 0x30, 0xb4, 0x30, 0x34, 0x24, 0x23, 0x24, 0x23,
	0x24, 0xa3, 0xb6, 0x50, 0xd9, 0xc6, 0xa4, 0xc6, 0xa4, 0xc6, 0xa4, 0x9a,
	0xb9, 0xdb, 0x17, 0xd9, 0x17, 0xdb, 0x17, 0xe5, 0xdd, 0x3d, 0x30, 0xf3,
	0xc0, 0x8c, 0x03, 0x33, 0x5b, 0x74, 0x4a, 0x7d, 0x96, 0xfa, 0x3c, 0xf5,
	0xd9, 0x77, 0xef, 0x3f, 0x98, 0x40, 0x29, 0x6b, 0xcd, 0x5a, 0xb3, 0xd6,
	0x34, 0xeb, 0xb7, 0x76, 0xb9, 0xb8, 0x54, 0x67, 0x8f, 0x54, 0x57, 0xaa,
	0x2b, 0xd5, 0xd5, 0xfb, 0xf5, 0xfd, 0x1c, 0x23, 0x62, 0x44, 0x8c, 0x08,
	0xf5, 0x2b, 0xde, 0x12, 0xa2, 0xb6, 0xd6, 0x9a, 0x1f, 0x49, 0xfd, 0x84,
	0x5f, 0x6f, 0x3a, 0xb9, 0x19, 0xa2, 0x53, 0x62, 0x41, 0x79, 0xaf, 0x62,
	0xab, 0x16, 0x04, 0x63, 0x17, 0x63, 0x67, 0x63, 0x97, 0xc9, 0xf3, 0x43,
	0x9f, 0x87, 0x3e, 0x0f, 0x7d, 0x1e, 0xe4, 0xe6, 0x5c, 0xcf, 0xb9, 0xbe,
	0x73, 0xbd, 0x74, 0xd6, 0xe3, 0xbc, 0xc7, 0x39, 0x8f, 0xf3, 0xed, 0x3b,
	0x54, 0xe7, 0x29, 0x52, 0x44, 0x8a, 0x48, 0xd1, 0xbf, 0xfe, 0x65, 0xd9,
	0x85, 0xec, 0x42, 0x76, 0x21, 0x73, 0xae, 0x3a, 0x3b, 0x31, 0x0b, 0xb3,
	0x30, 0xab, 0x09, 0x1d, 0xf4, 0x6e, 0x50, 0xfe, 0xa0, 0x77, 0x1d, 0x33,
	0xb7, 0xaf, 0xd8, 0xbe, 0x62, 0xfb, 0x0a, 0xe3, 0xf7, 0x81, 0x25, 0x12,
	0x55, 0x95, 0x2f, 0xf2, 0x11, 0xf9, 0x88, 0x7c, 0x78, 0xb5, 0xcc, 0x56,
	0x66, 0x23, 0xb3, 0xdd, 0xff, 0x9d, 0xde, 0x13, 0xbd, 0xc7, 0x7a, 0x4f,
	0x96, 0xba, 0x55, 0x6d, 0x25, 0xae, 0x92, 0x96, 0x12, 0xd7, 0x73, 0x81,
	0xec, 0x64, 0x76, 0x32, 0x3b, 0x59, 0xa8, 0xb6, 0x50, 0xa6, 0xda, 0x1d,
	0x20, 0xf3, 0x65, 0xe6, 0x8b, 0xcc, 0x97, 0x46, 0x3e, 0xcd, 0xb6, 0x36,
	0xdb, 0xda, 0x6c, 0xeb, 0xe0, 0xf7, 0x47, 0xae, 0x06, 0x0f, 0xae, 0x4a,
	0xc7, 0x44, 0x30, 0x11, 0x4c, 0x04, 0xb1, 0x3b, 0x3e, 0xe9, 0xf8, 0xa4,
	0xe3, 0x93, 0xa2, 0x57, 0xdb, 0x84, 0xda, 0x84, 0xda, 0x84, 0x5e, 0xdf,
	0x3b, 0x3e, 0x75, 0x7c, 0xea, 0xf8, 0x54, 0x57, 0xcf, 0x19, 0xfd, 0x67,
	0xf8, 0xcc, 0xe8, 0x1f, 0xf9, 0x74, 0xfd, 0x96, 0xf5, 0x01, 0xeb, 0xb7,
	0x6c, 0x2b, 0xaa, 0xe0, 0xca, 0xfb, 0xe0, 0xec, 0x5e, 0xc1, 0xb8, 0x82,
	0xf1, 0x05, 0xe3, 0x06, 0x8f, 0x32, 0x3f, 0x69, 0x7e, 0xd2, 0xfc, 0xe4,
	0xf0, 0x67, 0xcb, 0xde, 0x2e, 0x7b, 0xbb, 0xec, 0xad, 0xc3, 0xfc, 0x5d,
	0x0d, 0x77, 0x35, 0xd8, 0xd5, 0xd0, 0xd6, 0xab, 0x93, 0x65, 0x27, 0xcb,
	0x4e, 0x96, 0x85, 0x41, 0xbb, 0xce, 0xee, 0x0a, 0xde, 0x75, 0x56, 0x11,
	0xde, 0x6c, 0x6c, 0xb3, 0x71, 0xcd, 0xc6, 0x0e, 0x48, 0xab, 0xe0, 0x1e,
	0x30, 0xa0, 0xaa, 0xbc, 0xb2, 0xb4, 0xb2, 0xb4, 0xb2, 0x34, 0x89, 0x61,
	0xe5, 0xb5, 0x49, 0xa4, 0x49, 0xa4, 0x49, 0x64, 0x5e, 0x6b, 0xb8, 0xa2,
	0x25, 0x5c, 0x01, 0x2d, 0x2f, 0x38, 0x31, 0x67, 0xcb, 0xdf, 0x3b, 0xf8,
	0xc3, 0x03, 0x41, 0x95, 0x81, 0x50, 0xb1, 0x50, 0x53, 0xc5, 0xd7, 0xfb,
	0x5f, 0xef, 0x7f, 0xbd, 0xbf, 0xd0, 0xb1, 0x6b, 0x8b, 0xae, 0x2d, 0xbb,
	0xb6, 0xf0, 0x76, 0x88, 0x43, 0x1c, 0xe2, 0x60, 0xf3, 0x01, 0x9f, 0x49,
	0x92, 0x49, 0x92, 0x49, 0x52, 0x92, 0x9b, 0xf8, 0xa4, 0xf8, 0xa4, 0xf8,
	0x24, 0x25, 0x83, 0xbb, 0x0d, 0xee, 0x36, 0xb8, 0x5b, 0x9b, 0x49, 0xc6,
	0xad, 0x8d, 0x5b, 0x1b, 0xb7, 0x6e, 0xf2, 0xc1, 0xc1, 0x59, 0xc1, 0x44,
	0x30, 0x11, 0x4c, 0xc8, 0xe4, 0xca, 0xeb, 0xb6, 0xc5, 0x6d, 0x8b, 0xdb,
	0x16, 0x97, 0x76, 0xaf, 0xb8, 0x2a, 0x9a, 0xf2, 0x81, 0x82, 0x4f, 0x8c,
	0x0f, 0x02, 0x60, 0xd0, 0x8e, 0x41, 0x3b, 0x06, 0xed, 0xc8, 0x0f, 0x35,
	0xb9, 0x66, 0x72, 0xcd, 0xe4, 0x5a, 0xa4, 0x00, 0x2f, 0x78, 0xc1, 0xab,
	0x7a, 0x01, 0x64, 0x35, 0x59, 0x4d, 0x56, 0x13, 0x77, 0x85, 0xbf, 0xc2,
	0x5f, 0xe1, 0xcf, 0xee, 0x2f, 0x75, 0x29, 0x75, 0x29, 0x75, 0x19, 0x70,
	0xb7, 0xe7, 0xb4, 0x9e, 0xd3, 0x7a, 0x4e, 0x4b, 0xec, 0x35, 0x73, 0xe0,
	0xcc, 0x81, 0x33, 0x07, 0xa6, 0xac, 0xac, 0x70, 0xe8, 0xa1, 0x43, 0xd5,
	0xc9, 0xa9, 0x70, 0xf4, 0xcb, 0x3a, 0x41, 0xc1, 0x41, 0x67, 0x83, 0x82,
	0x2d, 0xa2, 0x6f, 0x1d, 0xb9, 0x75, 0xe4, 0xd6, 0x11, 0xfd, 0x1b, 0xa5,
	0xd6, 0xa5, 0xd6, 0xa5, 0xd6, 0x33, 0xdc, 0x3b, 0xc7, 0x74, 0x8e, 0xe9,
	0x1c, 0xf3, 0x14, 0xc7, 0x6d, 0x8f, 0xdb, 0x1d, 0xb7, 0xa5, 0xe1, 0xb7,
	0xbc, 0x6e, 0x79, 0xdd, 0xf2, 0xd2, 0x75, 0xae, 0x4e, 0x9e, 0x4c, 0x24,
	0x13, 0xc9, 0x44, 0xc2, 0x2b, 0xaf, 0x76, 0x5e, 0xcb, 0xbc, 0xda, 0xc5,
	0xb4, 0x31, 0x1f, 0x65, 0x3e, 0xca, 0x7c, 0xd4, 0xf9, 0xda, 0xef, 0x87,
	0x9f, 0x11, 0x6b, 0x8e, 0x91, 0x2e, 0x2c, 0x74, 0xf1, 0xef, 0xf3, 0x83,
	0xdd, 0x64, 0x5d, 0x2e, 0xc2, 0x3c, 0xc4, 0x5c, 0xc7, 0x3c, 0x83, 0xe9,
	0xf4, 0x7e, 0x3c, 0xe6, 0xd7, 0xf9, 0x11, 0x42, 0x2a, 0x1f, 0xc6, 0x28,
	0x9d, 0x76, 0xe3, 0xaa, 0xf4, 0xaa, 0xec, 0xaa, 0x94, 0x6f, 0xb7, 0x2e,
	0x6e, 0xdd, 0xbd, 0x75, 0x71, 0x2d, 0x5f, 0x98, 0x59, 0x9a, 0x59, 0x9a,
	0x59, 0x32, 0xcf, 0x30, 0x1b, 0xb3, 0x30, 0x1b, 0x90, 0xbf, 0x94, 0xbf,
	0x90, 0xbf, 0x3c, 0x5f, 0x16, 0x67, 0x1d, 0x57, 0x2b, 0xce, 0xba, 0xf5,
	0xfa, 0x13, 0x6b, 0x4f, 0xac, 0x3d, 0xb1, 0x56, 0xbf, 0x45, 0x9e, 0x22,
	0x4f, 0x91, 0xa7, 0x10, 0xe9, 0x57, 0x63, 0xae, 0xa7, 0x9f, 0xca, 0x4f,
	0xed, 0xa7, 0x7a, 0xec, 0xd2, 0x22, 0xaf, 0x45, 0x5e, 0x8b, 0xbc, 0x07,
	0x39, 0xbf, 0xd5, 0x0b, 0x8c, 0xbf, 0x39, 0xfe, 0xe6, 0xf8, 0x9b, 0x89,
	0x1e, 0xfa, 0x7a, 0xfa, 0x7a, 0xfa, 0x7a, 0x42, 0xe5, 0x21, 0x56, 0xd7,
	0xea, 0x57, 0xa6, 0x02, 0x93, 0x23, 0x27, 0x47, 0x4e, 0x8e, 0x7c, 0x34,
	0xb1, 0x11, 0xdb, 0x88, 0x6d, 0xc4, 0x2a, 0x1d, 0xdf, 0x77, 0x37, 0xfe,
	0x75, 0x7e, 0xbf, 0x5d, 0x80, 0xca, 0x0c, 0x91, 0x91, 0xd1, 0x1f, 0x09,
	0xfe, 0x7d, 0x68, 0xdf, 0x7f, 0x47, 0x8f, 0xab, 0x52, 0x1a, 0x51, 0x5a,
	0x5a, 0x31, 0xa1, 0xb2, 0x3f, 0xac, 0x9d, 0xab, 0xb0, 0xa3, 0x52, 0x7f,
	0xa5, 0x3d, 0x94, 0x56, 0xf0, 0xe7, 0xe6, 0x56, 0x8c, 0x57, 0x6e, 0x8d,
	0x06, 0x06, 0xbf, 0x2f, 0xa5, 0x12, 0x42, 0xc5, 0x41, 0x0b, 0xe4, 0xe7,
	0x57, 0x3a, 0xb4, 0x72, 0xe4, 0xf2, 0xce, 0x35, 0xf2, 0x36, 0x6f, 0xf7,
	0xbd, 0xd2, 0x75, 0xd7, 0x3f, 0x64, 0xde, 0xdd, 0xfe, 0xa2, 0x7b, 0x93,
	0x09, 0xde, 0xa7, 0xef, 0x79, 0x2f, 0xaa, 0xa0, 0x7b, 0xf7, 0xee, 0x3f,
	0xdb, 0x57, 0x99, 0xb0, 0x32, 0x79, 0x5f, 0x7c, 0xaa, 0xd5, 0x56, 0xc7,
	0x57, 0x41, 0xaf, 0xff, 0x7e, 0xe1, 0xab, 0xcf, 0xdc, 0xfd, 0xd6, 0x4e,
	0xfe, 0xd7, 0x4f, 0xd6, 0xfe, 0xe7, 0xf9, 0x16, 0x14, 0x54, 0xd0, 0x6b,
	0x3e, 0x78, 0x7c, 0xae, 0xfc, 0x29, 0xae, 0xb8, 0xaa, 0x9a, 0x69, 0xfd,
	0x50, 0xcf, 0x3f, 0x0e, 0x87, 0x6b, 0xcd, 0xd4, 0xe8, 0xed, 0x1d, 0x6f,
	0x7b, 0x76, 0xcd, 0xe2, 0xa5, 0xb6, 0xb3, 0xd7, 0x55, 0xfb, 0x0e, 0xe0,
	0x7f, 0x1d, 0xff, 0x75, 0x47, 0xc3, 0x3e, 0x15, 0x12, 0x2e, 0xa7, 0xaa,
	0x8b, 0x46, 0x47, 0xb8, 0xd4, 0x1a, 0x64, 0xb1, 0x86, 0x2f, 0xca, 0xa8,
	0xb8, 0x37, 0x59, 0x5b, 0xc3, 0x46, 0x7d, 0xc1, 0x17, 0x7c, 0xc1, 0x17,
	0x7c, 0xc1, 0x17, 0x7c, 0xc1, 0x17, 0x7c, 0xc1, 0x17, 0x7c, 0x0e, 0xfc,
	0x3f, 0x81, 0x06, 0xca, 0xe9, 0x4b, 0x5d, 0x03, 0x19, 0x00, 0x00, 0x00,
	0x00, 0x49, 0x45, 0x4e, 0x44, 0xae, 0x42, 0x60, 0x82
};

#endif
